Date,Day Number,Day,Month,Short Month,Calendar Month Number,Calendar Month Label,Calendar Year,Calendar Year Label,Fiscal Month Number,Fiscal Month Label,Fiscal Year,Fiscal Year Label,ISO Week Number
01-01-2013,1,1,January,Jan,1,CY2013-Jan,2013,CY2013,3,FY2013-Jan,2013,FY2013,1
02-01-2013,2,2,January,Jan,1,CY2013-Jan,2013,CY2013,3,FY2013-Jan,2013,FY2013,1
03-01-2013,3,3,January,Jan,1,CY2013-Jan,2013,CY2013,3,FY2013-Jan,2013,FY2013,1
04-01-2013,4,4,January,Jan,1,CY2013-Jan,2013,CY2013,3,FY2013-Jan,2013,FY2013,1
05-01-2013,5,5,January,Jan,1,CY2013-Jan,2013,CY2013,3,FY2013-Jan,2013,FY2013,1
06-01-2013,6,6,January,Jan,1,CY2013-Jan,2013,CY2013,3,FY2013-Jan,2013,FY2013,1
07-01-2013,7,7,January,Jan,1,CY2013-Jan,2013,CY2013,3,FY2013-Jan,2013,FY2013,2
08-01-2013,8,8,January,Jan,1,CY2013-Jan,2013,CY2013,3,FY2013-Jan,2013,FY2013,2
09-01-2013,9,9,January,Jan,1,CY2013-Jan,2013,CY2013,3,FY2013-Jan,2013,FY2013,2
10-01-2013,10,10,January,Jan,1,CY2013-Jan,2013,CY2013,3,FY2013-Jan,2013,FY2013,2
11-01-2013,11,11,January,Jan,1,CY2013-Jan,2013,CY2013,3,FY2013-Jan,2013,FY2013,2
12-01-2013,12,12,January,Jan,1,CY2013-Jan,2013,CY2013,3,FY2013-Jan,2013,FY2013,2
13-01-2013,13,13,January,Jan,1,CY2013-Jan,2013,CY2013,3,FY2013-Jan,2013,FY2013,2
14-01-2013,14,14,January,Jan,1,CY2013-Jan,2013,CY2013,3,FY2013-Jan,2013,FY2013,3
15-01-2013,15,15,January,Jan,1,CY2013-Jan,2013,CY2013,3,FY2013-Jan,2013,FY2013,3
16-01-2013,16,16,January,Jan,1,CY2013-Jan,2013,CY2013,3,FY2013-Jan,2013,FY2013,3
17-01-2013,17,17,January,Jan,1,CY2013-Jan,2013,CY2013,3,FY2013-Jan,2013,FY2013,3
18-01-2013,18,18,January,Jan,1,CY2013-Jan,2013,CY2013,3,FY2013-Jan,2013,FY2013,3
19-01-2013,19,19,January,Jan,1,CY2013-Jan,2013,CY2013,3,FY2013-Jan,2013,FY2013,3
20-01-2013,20,20,January,Jan,1,CY2013-Jan,2013,CY2013,3,FY2013-Jan,2013,FY2013,3
21-01-2013,21,21,January,Jan,1,CY2013-Jan,2013,CY2013,3,FY2013-Jan,2013,FY2013,4
22-01-2013,22,22,January,Jan,1,CY2013-Jan,2013,CY2013,3,FY2013-Jan,2013,FY2013,4
23-01-2013,23,23,January,Jan,1,CY2013-Jan,2013,CY2013,3,FY2013-Jan,2013,FY2013,4
24-01-2013,24,24,January,Jan,1,CY2013-Jan,2013,CY2013,3,FY2013-Jan,2013,FY2013,4
25-01-2013,25,25,January,Jan,1,CY2013-Jan,2013,CY2013,3,FY2013-Jan,2013,FY2013,4
26-01-2013,26,26,January,Jan,1,CY2013-Jan,2013,CY2013,3,FY2013-Jan,2013,FY2013,4
27-01-2013,27,27,January,Jan,1,CY2013-Jan,2013,CY2013,3,FY2013-Jan,2013,FY2013,4
28-01-2013,28,28,January,Jan,1,CY2013-Jan,2013,CY2013,3,FY2013-Jan,2013,FY2013,5
29-01-2013,29,29,January,Jan,1,CY2013-Jan,2013,CY2013,3,FY2013-Jan,2013,FY2013,5
30-01-2013,30,30,January,Jan,1,CY2013-Jan,2013,CY2013,3,FY2013-Jan,2013,FY2013,5
31-01-2013,31,31,January,Jan,1,CY2013-Jan,2013,CY2013,3,FY2013-Jan,2013,FY2013,5
01-02-2013,1,1,February,Feb,2,CY2013-Feb,2013,CY2013,4,FY2013-Feb,2013,FY2013,5
02-02-2013,2,2,February,Feb,2,CY2013-Feb,2013,CY2013,4,FY2013-Feb,2013,FY2013,5
03-02-2013,3,3,February,Feb,2,CY2013-Feb,2013,CY2013,4,FY2013-Feb,2013,FY2013,5
04-02-2013,4,4,February,Feb,2,CY2013-Feb,2013,CY2013,4,FY2013-Feb,2013,FY2013,6
05-02-2013,5,5,February,Feb,2,CY2013-Feb,2013,CY2013,4,FY2013-Feb,2013,FY2013,6
06-02-2013,6,6,February,Feb,2,CY2013-Feb,2013,CY2013,4,FY2013-Feb,2013,FY2013,6
07-02-2013,7,7,February,Feb,2,CY2013-Feb,2013,CY2013,4,FY2013-Feb,2013,FY2013,6
08-02-2013,8,8,February,Feb,2,CY2013-Feb,2013,CY2013,4,FY2013-Feb,2013,FY2013,6
09-02-2013,9,9,February,Feb,2,CY2013-Feb,2013,CY2013,4,FY2013-Feb,2013,FY2013,6
10-02-2013,10,10,February,Feb,2,CY2013-Feb,2013,CY2013,4,FY2013-Feb,2013,FY2013,6
11-02-2013,11,11,February,Feb,2,CY2013-Feb,2013,CY2013,4,FY2013-Feb,2013,FY2013,7
12-02-2013,12,12,February,Feb,2,CY2013-Feb,2013,CY2013,4,FY2013-Feb,2013,FY2013,7
13-02-2013,13,13,February,Feb,2,CY2013-Feb,2013,CY2013,4,FY2013-Feb,2013,FY2013,7
14-02-2013,14,14,February,Feb,2,CY2013-Feb,2013,CY2013,4,FY2013-Feb,2013,FY2013,7
15-02-2013,15,15,February,Feb,2,CY2013-Feb,2013,CY2013,4,FY2013-Feb,2013,FY2013,7
16-02-2013,16,16,February,Feb,2,CY2013-Feb,2013,CY2013,4,FY2013-Feb,2013,FY2013,7
17-02-2013,17,17,February,Feb,2,CY2013-Feb,2013,CY2013,4,FY2013-Feb,2013,FY2013,7
18-02-2013,18,18,February,Feb,2,CY2013-Feb,2013,CY2013,4,FY2013-Feb,2013,FY2013,8
19-02-2013,19,19,February,Feb,2,CY2013-Feb,2013,CY2013,4,FY2013-Feb,2013,FY2013,8
20-02-2013,20,20,February,Feb,2,CY2013-Feb,2013,CY2013,4,FY2013-Feb,2013,FY2013,8
21-02-2013,21,21,February,Feb,2,CY2013-Feb,2013,CY2013,4,FY2013-Feb,2013,FY2013,8
22-02-2013,22,22,February,Feb,2,CY2013-Feb,2013,CY2013,4,FY2013-Feb,2013,FY2013,8
23-02-2013,23,23,February,Feb,2,CY2013-Feb,2013,CY2013,4,FY2013-Feb,2013,FY2013,8
24-02-2013,24,24,February,Feb,2,CY2013-Feb,2013,CY2013,4,FY2013-Feb,2013,FY2013,8
25-02-2013,25,25,February,Feb,2,CY2013-Feb,2013,CY2013,4,FY2013-Feb,2013,FY2013,9
26-02-2013,26,26,February,Feb,2,CY2013-Feb,2013,CY2013,4,FY2013-Feb,2013,FY2013,9
27-02-2013,27,27,February,Feb,2,CY2013-Feb,2013,CY2013,4,FY2013-Feb,2013,FY2013,9
28-02-2013,28,28,February,Feb,2,CY2013-Feb,2013,CY2013,4,FY2013-Feb,2013,FY2013,9
01-03-2013,1,1,March,Mar,3,CY2013-Mar,2013,CY2013,5,FY2013-Mar,2013,FY2013,9
02-03-2013,2,2,March,Mar,3,CY2013-Mar,2013,CY2013,5,FY2013-Mar,2013,FY2013,9
03-03-2013,3,3,March,Mar,3,CY2013-Mar,2013,CY2013,5,FY2013-Mar,2013,FY2013,9
04-03-2013,4,4,March,Mar,3,CY2013-Mar,2013,CY2013,5,FY2013-Mar,2013,FY2013,10
05-03-2013,5,5,March,Mar,3,CY2013-Mar,2013,CY2013,5,FY2013-Mar,2013,FY2013,10
06-03-2013,6,6,March,Mar,3,CY2013-Mar,2013,CY2013,5,FY2013-Mar,2013,FY2013,10
07-03-2013,7,7,March,Mar,3,CY2013-Mar,2013,CY2013,5,FY2013-Mar,2013,FY2013,10
08-03-2013,8,8,March,Mar,3,CY2013-Mar,2013,CY2013,5,FY2013-Mar,2013,FY2013,10
09-03-2013,9,9,March,Mar,3,CY2013-Mar,2013,CY2013,5,FY2013-Mar,2013,FY2013,10
10-03-2013,10,10,March,Mar,3,CY2013-Mar,2013,CY2013,5,FY2013-Mar,2013,FY2013,10
11-03-2013,11,11,March,Mar,3,CY2013-Mar,2013,CY2013,5,FY2013-Mar,2013,FY2013,11
12-03-2013,12,12,March,Mar,3,CY2013-Mar,2013,CY2013,5,FY2013-Mar,2013,FY2013,11
13-03-2013,13,13,March,Mar,3,CY2013-Mar,2013,CY2013,5,FY2013-Mar,2013,FY2013,11
14-03-2013,14,14,March,Mar,3,CY2013-Mar,2013,CY2013,5,FY2013-Mar,2013,FY2013,11
15-03-2013,15,15,March,Mar,3,CY2013-Mar,2013,CY2013,5,FY2013-Mar,2013,FY2013,11
16-03-2013,16,16,March,Mar,3,CY2013-Mar,2013,CY2013,5,FY2013-Mar,2013,FY2013,11
17-03-2013,17,17,March,Mar,3,CY2013-Mar,2013,CY2013,5,FY2013-Mar,2013,FY2013,11
18-03-2013,18,18,March,Mar,3,CY2013-Mar,2013,CY2013,5,FY2013-Mar,2013,FY2013,12
19-03-2013,19,19,March,Mar,3,CY2013-Mar,2013,CY2013,5,FY2013-Mar,2013,FY2013,12
20-03-2013,20,20,March,Mar,3,CY2013-Mar,2013,CY2013,5,FY2013-Mar,2013,FY2013,12
21-03-2013,21,21,March,Mar,3,CY2013-Mar,2013,CY2013,5,FY2013-Mar,2013,FY2013,12
22-03-2013,22,22,March,Mar,3,CY2013-Mar,2013,CY2013,5,FY2013-Mar,2013,FY2013,12
23-03-2013,23,23,March,Mar,3,CY2013-Mar,2013,CY2013,5,FY2013-Mar,2013,FY2013,12
24-03-2013,24,24,March,Mar,3,CY2013-Mar,2013,CY2013,5,FY2013-Mar,2013,FY2013,12
25-03-2013,25,25,March,Mar,3,CY2013-Mar,2013,CY2013,5,FY2013-Mar,2013,FY2013,13
26-03-2013,26,26,March,Mar,3,CY2013-Mar,2013,CY2013,5,FY2013-Mar,2013,FY2013,13
27-03-2013,27,27,March,Mar,3,CY2013-Mar,2013,CY2013,5,FY2013-Mar,2013,FY2013,13
28-03-2013,28,28,March,Mar,3,CY2013-Mar,2013,CY2013,5,FY2013-Mar,2013,FY2013,13
29-03-2013,29,29,March,Mar,3,CY2013-Mar,2013,CY2013,5,FY2013-Mar,2013,FY2013,13
30-03-2013,30,30,March,Mar,3,CY2013-Mar,2013,CY2013,5,FY2013-Mar,2013,FY2013,13
31-03-2013,31,31,March,Mar,3,CY2013-Mar,2013,CY2013,5,FY2013-Mar,2013,FY2013,13
01-04-2013,1,1,April,Apr,4,CY2013-Apr,2013,CY2013,6,FY2013-Apr,2013,FY2013,14
02-04-2013,2,2,April,Apr,4,CY2013-Apr,2013,CY2013,6,FY2013-Apr,2013,FY2013,14
03-04-2013,3,3,April,Apr,4,CY2013-Apr,2013,CY2013,6,FY2013-Apr,2013,FY2013,14
04-04-2013,4,4,April,Apr,4,CY2013-Apr,2013,CY2013,6,FY2013-Apr,2013,FY2013,14
05-04-2013,5,5,April,Apr,4,CY2013-Apr,2013,CY2013,6,FY2013-Apr,2013,FY2013,14
06-04-2013,6,6,April,Apr,4,CY2013-Apr,2013,CY2013,6,FY2013-Apr,2013,FY2013,14
07-04-2013,7,7,April,Apr,4,CY2013-Apr,2013,CY2013,6,FY2013-Apr,2013,FY2013,14
08-04-2013,8,8,April,Apr,4,CY2013-Apr,2013,CY2013,6,FY2013-Apr,2013,FY2013,15
09-04-2013,9,9,April,Apr,4,CY2013-Apr,2013,CY2013,6,FY2013-Apr,2013,FY2013,15
10-04-2013,10,10,April,Apr,4,CY2013-Apr,2013,CY2013,6,FY2013-Apr,2013,FY2013,15
11-04-2013,11,11,April,Apr,4,CY2013-Apr,2013,CY2013,6,FY2013-Apr,2013,FY2013,15
12-04-2013,12,12,April,Apr,4,CY2013-Apr,2013,CY2013,6,FY2013-Apr,2013,FY2013,15
13-04-2013,13,13,April,Apr,4,CY2013-Apr,2013,CY2013,6,FY2013-Apr,2013,FY2013,15
14-04-2013,14,14,April,Apr,4,CY2013-Apr,2013,CY2013,6,FY2013-Apr,2013,FY2013,15
15-04-2013,15,15,April,Apr,4,CY2013-Apr,2013,CY2013,6,FY2013-Apr,2013,FY2013,16
16-04-2013,16,16,April,Apr,4,CY2013-Apr,2013,CY2013,6,FY2013-Apr,2013,FY2013,16
17-04-2013,17,17,April,Apr,4,CY2013-Apr,2013,CY2013,6,FY2013-Apr,2013,FY2013,16
18-04-2013,18,18,April,Apr,4,CY2013-Apr,2013,CY2013,6,FY2013-Apr,2013,FY2013,16
19-04-2013,19,19,April,Apr,4,CY2013-Apr,2013,CY2013,6,FY2013-Apr,2013,FY2013,16
20-04-2013,20,20,April,Apr,4,CY2013-Apr,2013,CY2013,6,FY2013-Apr,2013,FY2013,16
21-04-2013,21,21,April,Apr,4,CY2013-Apr,2013,CY2013,6,FY2013-Apr,2013,FY2013,16
22-04-2013,22,22,April,Apr,4,CY2013-Apr,2013,CY2013,6,FY2013-Apr,2013,FY2013,17
23-04-2013,23,23,April,Apr,4,CY2013-Apr,2013,CY2013,6,FY2013-Apr,2013,FY2013,17
24-04-2013,24,24,April,Apr,4,CY2013-Apr,2013,CY2013,6,FY2013-Apr,2013,FY2013,17
25-04-2013,25,25,April,Apr,4,CY2013-Apr,2013,CY2013,6,FY2013-Apr,2013,FY2013,17
26-04-2013,26,26,April,Apr,4,CY2013-Apr,2013,CY2013,6,FY2013-Apr,2013,FY2013,17
27-04-2013,27,27,April,Apr,4,CY2013-Apr,2013,CY2013,6,FY2013-Apr,2013,FY2013,17
28-04-2013,28,28,April,Apr,4,CY2013-Apr,2013,CY2013,6,FY2013-Apr,2013,FY2013,17
29-04-2013,29,29,April,Apr,4,CY2013-Apr,2013,CY2013,6,FY2013-Apr,2013,FY2013,18
30-04-2013,30,30,April,Apr,4,CY2013-Apr,2013,CY2013,6,FY2013-Apr,2013,FY2013,18
01-05-2013,1,1,May,May,5,CY2013-May,2013,CY2013,7,FY2013-May,2013,FY2013,18
02-05-2013,2,2,May,May,5,CY2013-May,2013,CY2013,7,FY2013-May,2013,FY2013,18
03-05-2013,3,3,May,May,5,CY2013-May,2013,CY2013,7,FY2013-May,2013,FY2013,18
04-05-2013,4,4,May,May,5,CY2013-May,2013,CY2013,7,FY2013-May,2013,FY2013,18
05-05-2013,5,5,May,May,5,CY2013-May,2013,CY2013,7,FY2013-May,2013,FY2013,18
06-05-2013,6,6,May,May,5,CY2013-May,2013,CY2013,7,FY2013-May,2013,FY2013,19
07-05-2013,7,7,May,May,5,CY2013-May,2013,CY2013,7,FY2013-May,2013,FY2013,19
08-05-2013,8,8,May,May,5,CY2013-May,2013,CY2013,7,FY2013-May,2013,FY2013,19
09-05-2013,9,9,May,May,5,CY2013-May,2013,CY2013,7,FY2013-May,2013,FY2013,19
10-05-2013,10,10,May,May,5,CY2013-May,2013,CY2013,7,FY2013-May,2013,FY2013,19
11-05-2013,11,11,May,May,5,CY2013-May,2013,CY2013,7,FY2013-May,2013,FY2013,19
12-05-2013,12,12,May,May,5,CY2013-May,2013,CY2013,7,FY2013-May,2013,FY2013,19
13-05-2013,13,13,May,May,5,CY2013-May,2013,CY2013,7,FY2013-May,2013,FY2013,20
14-05-2013,14,14,May,May,5,CY2013-May,2013,CY2013,7,FY2013-May,2013,FY2013,20
15-05-2013,15,15,May,May,5,CY2013-May,2013,CY2013,7,FY2013-May,2013,FY2013,20
16-05-2013,16,16,May,May,5,CY2013-May,2013,CY2013,7,FY2013-May,2013,FY2013,20
17-05-2013,17,17,May,May,5,CY2013-May,2013,CY2013,7,FY2013-May,2013,FY2013,20
18-05-2013,18,18,May,May,5,CY2013-May,2013,CY2013,7,FY2013-May,2013,FY2013,20
19-05-2013,19,19,May,May,5,CY2013-May,2013,CY2013,7,FY2013-May,2013,FY2013,20
20-05-2013,20,20,May,May,5,CY2013-May,2013,CY2013,7,FY2013-May,2013,FY2013,21
21-05-2013,21,21,May,May,5,CY2013-May,2013,CY2013,7,FY2013-May,2013,FY2013,21
22-05-2013,22,22,May,May,5,CY2013-May,2013,CY2013,7,FY2013-May,2013,FY2013,21
23-05-2013,23,23,May,May,5,CY2013-May,2013,CY2013,7,FY2013-May,2013,FY2013,21
24-05-2013,24,24,May,May,5,CY2013-May,2013,CY2013,7,FY2013-May,2013,FY2013,21
25-05-2013,25,25,May,May,5,CY2013-May,2013,CY2013,7,FY2013-May,2013,FY2013,21
26-05-2013,26,26,May,May,5,CY2013-May,2013,CY2013,7,FY2013-May,2013,FY2013,21
27-05-2013,27,27,May,May,5,CY2013-May,2013,CY2013,7,FY2013-May,2013,FY2013,22
28-05-2013,28,28,May,May,5,CY2013-May,2013,CY2013,7,FY2013-May,2013,FY2013,22
29-05-2013,29,29,May,May,5,CY2013-May,2013,CY2013,7,FY2013-May,2013,FY2013,22
30-05-2013,30,30,May,May,5,CY2013-May,2013,CY2013,7,FY2013-May,2013,FY2013,22
31-05-2013,31,31,May,May,5,CY2013-May,2013,CY2013,7,FY2013-May,2013,FY2013,22
01-06-2013,1,1,June,Jun,6,CY2013-Jun,2013,CY2013,8,FY2013-Jun,2013,FY2013,22
02-06-2013,2,2,June,Jun,6,CY2013-Jun,2013,CY2013,8,FY2013-Jun,2013,FY2013,22
03-06-2013,3,3,June,Jun,6,CY2013-Jun,2013,CY2013,8,FY2013-Jun,2013,FY2013,23
04-06-2013,4,4,June,Jun,6,CY2013-Jun,2013,CY2013,8,FY2013-Jun,2013,FY2013,23
05-06-2013,5,5,June,Jun,6,CY2013-Jun,2013,CY2013,8,FY2013-Jun,2013,FY2013,23
06-06-2013,6,6,June,Jun,6,CY2013-Jun,2013,CY2013,8,FY2013-Jun,2013,FY2013,23
07-06-2013,7,7,June,Jun,6,CY2013-Jun,2013,CY2013,8,FY2013-Jun,2013,FY2013,23
08-06-2013,8,8,June,Jun,6,CY2013-Jun,2013,CY2013,8,FY2013-Jun,2013,FY2013,23
09-06-2013,9,9,June,Jun,6,CY2013-Jun,2013,CY2013,8,FY2013-Jun,2013,FY2013,23
10-06-2013,10,10,June,Jun,6,CY2013-Jun,2013,CY2013,8,FY2013-Jun,2013,FY2013,24
11-06-2013,11,11,June,Jun,6,CY2013-Jun,2013,CY2013,8,FY2013-Jun,2013,FY2013,24
12-06-2013,12,12,June,Jun,6,CY2013-Jun,2013,CY2013,8,FY2013-Jun,2013,FY2013,24
13-06-2013,13,13,June,Jun,6,CY2013-Jun,2013,CY2013,8,FY2013-Jun,2013,FY2013,24
14-06-2013,14,14,June,Jun,6,CY2013-Jun,2013,CY2013,8,FY2013-Jun,2013,FY2013,24
15-06-2013,15,15,June,Jun,6,CY2013-Jun,2013,CY2013,8,FY2013-Jun,2013,FY2013,24
16-06-2013,16,16,June,Jun,6,CY2013-Jun,2013,CY2013,8,FY2013-Jun,2013,FY2013,24
17-06-2013,17,17,June,Jun,6,CY2013-Jun,2013,CY2013,8,FY2013-Jun,2013,FY2013,25
18-06-2013,18,18,June,Jun,6,CY2013-Jun,2013,CY2013,8,FY2013-Jun,2013,FY2013,25
19-06-2013,19,19,June,Jun,6,CY2013-Jun,2013,CY2013,8,FY2013-Jun,2013,FY2013,25
20-06-2013,20,20,June,Jun,6,CY2013-Jun,2013,CY2013,8,FY2013-Jun,2013,FY2013,25
21-06-2013,21,21,June,Jun,6,CY2013-Jun,2013,CY2013,8,FY2013-Jun,2013,FY2013,25
22-06-2013,22,22,June,Jun,6,CY2013-Jun,2013,CY2013,8,FY2013-Jun,2013,FY2013,25
23-06-2013,23,23,June,Jun,6,CY2013-Jun,2013,CY2013,8,FY2013-Jun,2013,FY2013,25
24-06-2013,24,24,June,Jun,6,CY2013-Jun,2013,CY2013,8,FY2013-Jun,2013,FY2013,26
25-06-2013,25,25,June,Jun,6,CY2013-Jun,2013,CY2013,8,FY2013-Jun,2013,FY2013,26
26-06-2013,26,26,June,Jun,6,CY2013-Jun,2013,CY2013,8,FY2013-Jun,2013,FY2013,26
27-06-2013,27,27,June,Jun,6,CY2013-Jun,2013,CY2013,8,FY2013-Jun,2013,FY2013,26
28-06-2013,28,28,June,Jun,6,CY2013-Jun,2013,CY2013,8,FY2013-Jun,2013,FY2013,26
29-06-2013,29,29,June,Jun,6,CY2013-Jun,2013,CY2013,8,FY2013-Jun,2013,FY2013,26
30-06-2013,30,30,June,Jun,6,CY2013-Jun,2013,CY2013,8,FY2013-Jun,2013,FY2013,26
01-07-2013,1,1,July,Jul,7,CY2013-Jul,2013,CY2013,9,FY2013-Jul,2013,FY2013,27
02-07-2013,2,2,July,Jul,7,CY2013-Jul,2013,CY2013,9,FY2013-Jul,2013,FY2013,27
03-07-2013,3,3,July,Jul,7,CY2013-Jul,2013,CY2013,9,FY2013-Jul,2013,FY2013,27
04-07-2013,4,4,July,Jul,7,CY2013-Jul,2013,CY2013,9,FY2013-Jul,2013,FY2013,27
05-07-2013,5,5,July,Jul,7,CY2013-Jul,2013,CY2013,9,FY2013-Jul,2013,FY2013,27
06-07-2013,6,6,July,Jul,7,CY2013-Jul,2013,CY2013,9,FY2013-Jul,2013,FY2013,27
07-07-2013,7,7,July,Jul,7,CY2013-Jul,2013,CY2013,9,FY2013-Jul,2013,FY2013,27
08-07-2013,8,8,July,Jul,7,CY2013-Jul,2013,CY2013,9,FY2013-Jul,2013,FY2013,28
09-07-2013,9,9,July,Jul,7,CY2013-Jul,2013,CY2013,9,FY2013-Jul,2013,FY2013,28
10-07-2013,10,10,July,Jul,7,CY2013-Jul,2013,CY2013,9,FY2013-Jul,2013,FY2013,28
11-07-2013,11,11,July,Jul,7,CY2013-Jul,2013,CY2013,9,FY2013-Jul,2013,FY2013,28
12-07-2013,12,12,July,Jul,7,CY2013-Jul,2013,CY2013,9,FY2013-Jul,2013,FY2013,28
13-07-2013,13,13,July,Jul,7,CY2013-Jul,2013,CY2013,9,FY2013-Jul,2013,FY2013,28
14-07-2013,14,14,July,Jul,7,CY2013-Jul,2013,CY2013,9,FY2013-Jul,2013,FY2013,28
15-07-2013,15,15,July,Jul,7,CY2013-Jul,2013,CY2013,9,FY2013-Jul,2013,FY2013,29
16-07-2013,16,16,July,Jul,7,CY2013-Jul,2013,CY2013,9,FY2013-Jul,2013,FY2013,29
17-07-2013,17,17,July,Jul,7,CY2013-Jul,2013,CY2013,9,FY2013-Jul,2013,FY2013,29
18-07-2013,18,18,July,Jul,7,CY2013-Jul,2013,CY2013,9,FY2013-Jul,2013,FY2013,29
19-07-2013,19,19,July,Jul,7,CY2013-Jul,2013,CY2013,9,FY2013-Jul,2013,FY2013,29
20-07-2013,20,20,July,Jul,7,CY2013-Jul,2013,CY2013,9,FY2013-Jul,2013,FY2013,29
21-07-2013,21,21,July,Jul,7,CY2013-Jul,2013,CY2013,9,FY2013-Jul,2013,FY2013,29
22-07-2013,22,22,July,Jul,7,CY2013-Jul,2013,CY2013,9,FY2013-Jul,2013,FY2013,30
23-07-2013,23,23,July,Jul,7,CY2013-Jul,2013,CY2013,9,FY2013-Jul,2013,FY2013,30
24-07-2013,24,24,July,Jul,7,CY2013-Jul,2013,CY2013,9,FY2013-Jul,2013,FY2013,30
25-07-2013,25,25,July,Jul,7,CY2013-Jul,2013,CY2013,9,FY2013-Jul,2013,FY2013,30
26-07-2013,26,26,July,Jul,7,CY2013-Jul,2013,CY2013,9,FY2013-Jul,2013,FY2013,30
27-07-2013,27,27,July,Jul,7,CY2013-Jul,2013,CY2013,9,FY2013-Jul,2013,FY2013,30
28-07-2013,28,28,July,Jul,7,CY2013-Jul,2013,CY2013,9,FY2013-Jul,2013,FY2013,30
29-07-2013,29,29,July,Jul,7,CY2013-Jul,2013,CY2013,9,FY2013-Jul,2013,FY2013,31
30-07-2013,30,30,July,Jul,7,CY2013-Jul,2013,CY2013,9,FY2013-Jul,2013,FY2013,31
31-07-2013,31,31,July,Jul,7,CY2013-Jul,2013,CY2013,9,FY2013-Jul,2013,FY2013,31
01-08-2013,1,1,August,Aug,8,CY2013-Aug,2013,CY2013,10,FY2013-Aug,2013,FY2013,31
02-08-2013,2,2,August,Aug,8,CY2013-Aug,2013,CY2013,10,FY2013-Aug,2013,FY2013,31
03-08-2013,3,3,August,Aug,8,CY2013-Aug,2013,CY2013,10,FY2013-Aug,2013,FY2013,31
04-08-2013,4,4,August,Aug,8,CY2013-Aug,2013,CY2013,10,FY2013-Aug,2013,FY2013,31
05-08-2013,5,5,August,Aug,8,CY2013-Aug,2013,CY2013,10,FY2013-Aug,2013,FY2013,32
06-08-2013,6,6,August,Aug,8,CY2013-Aug,2013,CY2013,10,FY2013-Aug,2013,FY2013,32
07-08-2013,7,7,August,Aug,8,CY2013-Aug,2013,CY2013,10,FY2013-Aug,2013,FY2013,32
08-08-2013,8,8,August,Aug,8,CY2013-Aug,2013,CY2013,10,FY2013-Aug,2013,FY2013,32
09-08-2013,9,9,August,Aug,8,CY2013-Aug,2013,CY2013,10,FY2013-Aug,2013,FY2013,32
10-08-2013,10,10,August,Aug,8,CY2013-Aug,2013,CY2013,10,FY2013-Aug,2013,FY2013,32
11-08-2013,11,11,August,Aug,8,CY2013-Aug,2013,CY2013,10,FY2013-Aug,2013,FY2013,32
12-08-2013,12,12,August,Aug,8,CY2013-Aug,2013,CY2013,10,FY2013-Aug,2013,FY2013,33
13-08-2013,13,13,August,Aug,8,CY2013-Aug,2013,CY2013,10,FY2013-Aug,2013,FY2013,33
14-08-2013,14,14,August,Aug,8,CY2013-Aug,2013,CY2013,10,FY2013-Aug,2013,FY2013,33
15-08-2013,15,15,August,Aug,8,CY2013-Aug,2013,CY2013,10,FY2013-Aug,2013,FY2013,33
16-08-2013,16,16,August,Aug,8,CY2013-Aug,2013,CY2013,10,FY2013-Aug,2013,FY2013,33
17-08-2013,17,17,August,Aug,8,CY2013-Aug,2013,CY2013,10,FY2013-Aug,2013,FY2013,33
18-08-2013,18,18,August,Aug,8,CY2013-Aug,2013,CY2013,10,FY2013-Aug,2013,FY2013,33
19-08-2013,19,19,August,Aug,8,CY2013-Aug,2013,CY2013,10,FY2013-Aug,2013,FY2013,34
20-08-2013,20,20,August,Aug,8,CY2013-Aug,2013,CY2013,10,FY2013-Aug,2013,FY2013,34
21-08-2013,21,21,August,Aug,8,CY2013-Aug,2013,CY2013,10,FY2013-Aug,2013,FY2013,34
22-08-2013,22,22,August,Aug,8,CY2013-Aug,2013,CY2013,10,FY2013-Aug,2013,FY2013,34
23-08-2013,23,23,August,Aug,8,CY2013-Aug,2013,CY2013,10,FY2013-Aug,2013,FY2013,34
24-08-2013,24,24,August,Aug,8,CY2013-Aug,2013,CY2013,10,FY2013-Aug,2013,FY2013,34
25-08-2013,25,25,August,Aug,8,CY2013-Aug,2013,CY2013,10,FY2013-Aug,2013,FY2013,34
26-08-2013,26,26,August,Aug,8,CY2013-Aug,2013,CY2013,10,FY2013-Aug,2013,FY2013,35
27-08-2013,27,27,August,Aug,8,CY2013-Aug,2013,CY2013,10,FY2013-Aug,2013,FY2013,35
28-08-2013,28,28,August,Aug,8,CY2013-Aug,2013,CY2013,10,FY2013-Aug,2013,FY2013,35
29-08-2013,29,29,August,Aug,8,CY2013-Aug,2013,CY2013,10,FY2013-Aug,2013,FY2013,35
30-08-2013,30,30,August,Aug,8,CY2013-Aug,2013,CY2013,10,FY2013-Aug,2013,FY2013,35
31-08-2013,31,31,August,Aug,8,CY2013-Aug,2013,CY2013,10,FY2013-Aug,2013,FY2013,35
01-09-2013,1,1,September,Sep,9,CY2013-Sep,2013,CY2013,11,FY2013-Sep,2013,FY2013,35
02-09-2013,2,2,September,Sep,9,CY2013-Sep,2013,CY2013,11,FY2013-Sep,2013,FY2013,36
03-09-2013,3,3,September,Sep,9,CY2013-Sep,2013,CY2013,11,FY2013-Sep,2013,FY2013,36
04-09-2013,4,4,September,Sep,9,CY2013-Sep,2013,CY2013,11,FY2013-Sep,2013,FY2013,36
05-09-2013,5,5,September,Sep,9,CY2013-Sep,2013,CY2013,11,FY2013-Sep,2013,FY2013,36
06-09-2013,6,6,September,Sep,9,CY2013-Sep,2013,CY2013,11,FY2013-Sep,2013,FY2013,36
07-09-2013,7,7,September,Sep,9,CY2013-Sep,2013,CY2013,11,FY2013-Sep,2013,FY2013,36
08-09-2013,8,8,September,Sep,9,CY2013-Sep,2013,CY2013,11,FY2013-Sep,2013,FY2013,36
09-09-2013,9,9,September,Sep,9,CY2013-Sep,2013,CY2013,11,FY2013-Sep,2013,FY2013,37
10-09-2013,10,10,September,Sep,9,CY2013-Sep,2013,CY2013,11,FY2013-Sep,2013,FY2013,37
11-09-2013,11,11,September,Sep,9,CY2013-Sep,2013,CY2013,11,FY2013-Sep,2013,FY2013,37
12-09-2013,12,12,September,Sep,9,CY2013-Sep,2013,CY2013,11,FY2013-Sep,2013,FY2013,37
13-09-2013,13,13,September,Sep,9,CY2013-Sep,2013,CY2013,11,FY2013-Sep,2013,FY2013,37
14-09-2013,14,14,September,Sep,9,CY2013-Sep,2013,CY2013,11,FY2013-Sep,2013,FY2013,37
15-09-2013,15,15,September,Sep,9,CY2013-Sep,2013,CY2013,11,FY2013-Sep,2013,FY2013,37
16-09-2013,16,16,September,Sep,9,CY2013-Sep,2013,CY2013,11,FY2013-Sep,2013,FY2013,38
17-09-2013,17,17,September,Sep,9,CY2013-Sep,2013,CY2013,11,FY2013-Sep,2013,FY2013,38
18-09-2013,18,18,September,Sep,9,CY2013-Sep,2013,CY2013,11,FY2013-Sep,2013,FY2013,38
19-09-2013,19,19,September,Sep,9,CY2013-Sep,2013,CY2013,11,FY2013-Sep,2013,FY2013,38
20-09-2013,20,20,September,Sep,9,CY2013-Sep,2013,CY2013,11,FY2013-Sep,2013,FY2013,38
21-09-2013,21,21,September,Sep,9,CY2013-Sep,2013,CY2013,11,FY2013-Sep,2013,FY2013,38
22-09-2013,22,22,September,Sep,9,CY2013-Sep,2013,CY2013,11,FY2013-Sep,2013,FY2013,38
23-09-2013,23,23,September,Sep,9,CY2013-Sep,2013,CY2013,11,FY2013-Sep,2013,FY2013,39
24-09-2013,24,24,September,Sep,9,CY2013-Sep,2013,CY2013,11,FY2013-Sep,2013,FY2013,39
25-09-2013,25,25,September,Sep,9,CY2013-Sep,2013,CY2013,11,FY2013-Sep,2013,FY2013,39
26-09-2013,26,26,September,Sep,9,CY2013-Sep,2013,CY2013,11,FY2013-Sep,2013,FY2013,39
27-09-2013,27,27,September,Sep,9,CY2013-Sep,2013,CY2013,11,FY2013-Sep,2013,FY2013,39
28-09-2013,28,28,September,Sep,9,CY2013-Sep,2013,CY2013,11,FY2013-Sep,2013,FY2013,39
29-09-2013,29,29,September,Sep,9,CY2013-Sep,2013,CY2013,11,FY2013-Sep,2013,FY2013,39
30-09-2013,30,30,September,Sep,9,CY2013-Sep,2013,CY2013,11,FY2013-Sep,2013,FY2013,40
01-10-2013,1,1,October,Oct,10,CY2013-Oct,2013,CY2013,12,FY2013-Oct,2013,FY2013,40
02-10-2013,2,2,October,Oct,10,CY2013-Oct,2013,CY2013,12,FY2013-Oct,2013,FY2013,40
03-10-2013,3,3,October,Oct,10,CY2013-Oct,2013,CY2013,12,FY2013-Oct,2013,FY2013,40
04-10-2013,4,4,October,Oct,10,CY2013-Oct,2013,CY2013,12,FY2013-Oct,2013,FY2013,40
05-10-2013,5,5,October,Oct,10,CY2013-Oct,2013,CY2013,12,FY2013-Oct,2013,FY2013,40
06-10-2013,6,6,October,Oct,10,CY2013-Oct,2013,CY2013,12,FY2013-Oct,2013,FY2013,40
07-10-2013,7,7,October,Oct,10,CY2013-Oct,2013,CY2013,12,FY2013-Oct,2013,FY2013,41
08-10-2013,8,8,October,Oct,10,CY2013-Oct,2013,CY2013,12,FY2013-Oct,2013,FY2013,41
09-10-2013,9,9,October,Oct,10,CY2013-Oct,2013,CY2013,12,FY2013-Oct,2013,FY2013,41
10-10-2013,10,10,October,Oct,10,CY2013-Oct,2013,CY2013,12,FY2013-Oct,2013,FY2013,41
11-10-2013,11,11,October,Oct,10,CY2013-Oct,2013,CY2013,12,FY2013-Oct,2013,FY2013,41
12-10-2013,12,12,October,Oct,10,CY2013-Oct,2013,CY2013,12,FY2013-Oct,2013,FY2013,41
13-10-2013,13,13,October,Oct,10,CY2013-Oct,2013,CY2013,12,FY2013-Oct,2013,FY2013,41
14-10-2013,14,14,October,Oct,10,CY2013-Oct,2013,CY2013,12,FY2013-Oct,2013,FY2013,42
15-10-2013,15,15,October,Oct,10,CY2013-Oct,2013,CY2013,12,FY2013-Oct,2013,FY2013,42
16-10-2013,16,16,October,Oct,10,CY2013-Oct,2013,CY2013,12,FY2013-Oct,2013,FY2013,42
17-10-2013,17,17,October,Oct,10,CY2013-Oct,2013,CY2013,12,FY2013-Oct,2013,FY2013,42
18-10-2013,18,18,October,Oct,10,CY2013-Oct,2013,CY2013,12,FY2013-Oct,2013,FY2013,42
19-10-2013,19,19,October,Oct,10,CY2013-Oct,2013,CY2013,12,FY2013-Oct,2013,FY2013,42
20-10-2013,20,20,October,Oct,10,CY2013-Oct,2013,CY2013,12,FY2013-Oct,2013,FY2013,42
21-10-2013,21,21,October,Oct,10,CY2013-Oct,2013,CY2013,12,FY2013-Oct,2013,FY2013,43
22-10-2013,22,22,October,Oct,10,CY2013-Oct,2013,CY2013,12,FY2013-Oct,2013,FY2013,43
23-10-2013,23,23,October,Oct,10,CY2013-Oct,2013,CY2013,12,FY2013-Oct,2013,FY2013,43
24-10-2013,24,24,October,Oct,10,CY2013-Oct,2013,CY2013,12,FY2013-Oct,2013,FY2013,43
25-10-2013,25,25,October,Oct,10,CY2013-Oct,2013,CY2013,12,FY2013-Oct,2013,FY2013,43
26-10-2013,26,26,October,Oct,10,CY2013-Oct,2013,CY2013,12,FY2013-Oct,2013,FY2013,43
27-10-2013,27,27,October,Oct,10,CY2013-Oct,2013,CY2013,12,FY2013-Oct,2013,FY2013,43
28-10-2013,28,28,October,Oct,10,CY2013-Oct,2013,CY2013,12,FY2013-Oct,2013,FY2013,44
29-10-2013,29,29,October,Oct,10,CY2013-Oct,2013,CY2013,12,FY2013-Oct,2013,FY2013,44
30-10-2013,30,30,October,Oct,10,CY2013-Oct,2013,CY2013,12,FY2013-Oct,2013,FY2013,44
31-10-2013,31,31,October,Oct,10,CY2013-Oct,2013,CY2013,12,FY2013-Oct,2013,FY2013,44
01-11-2013,1,1,November,Nov,11,CY2013-Nov,2013,CY2013,1,FY2014-Nov,2014,FY2014,44
02-11-2013,2,2,November,Nov,11,CY2013-Nov,2013,CY2013,1,FY2014-Nov,2014,FY2014,44
03-11-2013,3,3,November,Nov,11,CY2013-Nov,2013,CY2013,1,FY2014-Nov,2014,FY2014,44
04-11-2013,4,4,November,Nov,11,CY2013-Nov,2013,CY2013,1,FY2014-Nov,2014,FY2014,45
05-11-2013,5,5,November,Nov,11,CY2013-Nov,2013,CY2013,1,FY2014-Nov,2014,FY2014,45
06-11-2013,6,6,November,Nov,11,CY2013-Nov,2013,CY2013,1,FY2014-Nov,2014,FY2014,45
07-11-2013,7,7,November,Nov,11,CY2013-Nov,2013,CY2013,1,FY2014-Nov,2014,FY2014,45
08-11-2013,8,8,November,Nov,11,CY2013-Nov,2013,CY2013,1,FY2014-Nov,2014,FY2014,45
09-11-2013,9,9,November,Nov,11,CY2013-Nov,2013,CY2013,1,FY2014-Nov,2014,FY2014,45
10-11-2013,10,10,November,Nov,11,CY2013-Nov,2013,CY2013,1,FY2014-Nov,2014,FY2014,45
11-11-2013,11,11,November,Nov,11,CY2013-Nov,2013,CY2013,1,FY2014-Nov,2014,FY2014,46
12-11-2013,12,12,November,Nov,11,CY2013-Nov,2013,CY2013,1,FY2014-Nov,2014,FY2014,46
13-11-2013,13,13,November,Nov,11,CY2013-Nov,2013,CY2013,1,FY2014-Nov,2014,FY2014,46
14-11-2013,14,14,November,Nov,11,CY2013-Nov,2013,CY2013,1,FY2014-Nov,2014,FY2014,46
15-11-2013,15,15,November,Nov,11,CY2013-Nov,2013,CY2013,1,FY2014-Nov,2014,FY2014,46
16-11-2013,16,16,November,Nov,11,CY2013-Nov,2013,CY2013,1,FY2014-Nov,2014,FY2014,46
17-11-2013,17,17,November,Nov,11,CY2013-Nov,2013,CY2013,1,FY2014-Nov,2014,FY2014,46
18-11-2013,18,18,November,Nov,11,CY2013-Nov,2013,CY2013,1,FY2014-Nov,2014,FY2014,47
19-11-2013,19,19,November,Nov,11,CY2013-Nov,2013,CY2013,1,FY2014-Nov,2014,FY2014,47
20-11-2013,20,20,November,Nov,11,CY2013-Nov,2013,CY2013,1,FY2014-Nov,2014,FY2014,47
21-11-2013,21,21,November,Nov,11,CY2013-Nov,2013,CY2013,1,FY2014-Nov,2014,FY2014,47
22-11-2013,22,22,November,Nov,11,CY2013-Nov,2013,CY2013,1,FY2014-Nov,2014,FY2014,47
23-11-2013,23,23,November,Nov,11,CY2013-Nov,2013,CY2013,1,FY2014-Nov,2014,FY2014,47
24-11-2013,24,24,November,Nov,11,CY2013-Nov,2013,CY2013,1,FY2014-Nov,2014,FY2014,47
25-11-2013,25,25,November,Nov,11,CY2013-Nov,2013,CY2013,1,FY2014-Nov,2014,FY2014,48
26-11-2013,26,26,November,Nov,11,CY2013-Nov,2013,CY2013,1,FY2014-Nov,2014,FY2014,48
27-11-2013,27,27,November,Nov,11,CY2013-Nov,2013,CY2013,1,FY2014-Nov,2014,FY2014,48
28-11-2013,28,28,November,Nov,11,CY2013-Nov,2013,CY2013,1,FY2014-Nov,2014,FY2014,48
29-11-2013,29,29,November,Nov,11,CY2013-Nov,2013,CY2013,1,FY2014-Nov,2014,FY2014,48
30-11-2013,30,30,November,Nov,11,CY2013-Nov,2013,CY2013,1,FY2014-Nov,2014,FY2014,48
01-12-2013,1,1,December,Dec,12,CY2013-Dec,2013,CY2013,2,FY2014-Dec,2014,FY2014,48
02-12-2013,2,2,December,Dec,12,CY2013-Dec,2013,CY2013,2,FY2014-Dec,2014,FY2014,49
03-12-2013,3,3,December,Dec,12,CY2013-Dec,2013,CY2013,2,FY2014-Dec,2014,FY2014,49
04-12-2013,4,4,December,Dec,12,CY2013-Dec,2013,CY2013,2,FY2014-Dec,2014,FY2014,49
05-12-2013,5,5,December,Dec,12,CY2013-Dec,2013,CY2013,2,FY2014-Dec,2014,FY2014,49
06-12-2013,6,6,December,Dec,12,CY2013-Dec,2013,CY2013,2,FY2014-Dec,2014,FY2014,49
07-12-2013,7,7,December,Dec,12,CY2013-Dec,2013,CY2013,2,FY2014-Dec,2014,FY2014,49
08-12-2013,8,8,December,Dec,12,CY2013-Dec,2013,CY2013,2,FY2014-Dec,2014,FY2014,49
09-12-2013,9,9,December,Dec,12,CY2013-Dec,2013,CY2013,2,FY2014-Dec,2014,FY2014,50
10-12-2013,10,10,December,Dec,12,CY2013-Dec,2013,CY2013,2,FY2014-Dec,2014,FY2014,50
11-12-2013,11,11,December,Dec,12,CY2013-Dec,2013,CY2013,2,FY2014-Dec,2014,FY2014,50
12-12-2013,12,12,December,Dec,12,CY2013-Dec,2013,CY2013,2,FY2014-Dec,2014,FY2014,50
13-12-2013,13,13,December,Dec,12,CY2013-Dec,2013,CY2013,2,FY2014-Dec,2014,FY2014,50
14-12-2013,14,14,December,Dec,12,CY2013-Dec,2013,CY2013,2,FY2014-Dec,2014,FY2014,50
15-12-2013,15,15,December,Dec,12,CY2013-Dec,2013,CY2013,2,FY2014-Dec,2014,FY2014,50
16-12-2013,16,16,December,Dec,12,CY2013-Dec,2013,CY2013,2,FY2014-Dec,2014,FY2014,51
17-12-2013,17,17,December,Dec,12,CY2013-Dec,2013,CY2013,2,FY2014-Dec,2014,FY2014,51
18-12-2013,18,18,December,Dec,12,CY2013-Dec,2013,CY2013,2,FY2014-Dec,2014,FY2014,51
19-12-2013,19,19,December,Dec,12,CY2013-Dec,2013,CY2013,2,FY2014-Dec,2014,FY2014,51
20-12-2013,20,20,December,Dec,12,CY2013-Dec,2013,CY2013,2,FY2014-Dec,2014,FY2014,51
21-12-2013,21,21,December,Dec,12,CY2013-Dec,2013,CY2013,2,FY2014-Dec,2014,FY2014,51
22-12-2013,22,22,December,Dec,12,CY2013-Dec,2013,CY2013,2,FY2014-Dec,2014,FY2014,51
23-12-2013,23,23,December,Dec,12,CY2013-Dec,2013,CY2013,2,FY2014-Dec,2014,FY2014,52
24-12-2013,24,24,December,Dec,12,CY2013-Dec,2013,CY2013,2,FY2014-Dec,2014,FY2014,52
25-12-2013,25,25,December,Dec,12,CY2013-Dec,2013,CY2013,2,FY2014-Dec,2014,FY2014,52
26-12-2013,26,26,December,Dec,12,CY2013-Dec,2013,CY2013,2,FY2014-Dec,2014,FY2014,52
27-12-2013,27,27,December,Dec,12,CY2013-Dec,2013,CY2013,2,FY2014-Dec,2014,FY2014,52
28-12-2013,28,28,December,Dec,12,CY2013-Dec,2013,CY2013,2,FY2014-Dec,2014,FY2014,52
29-12-2013,29,29,December,Dec,12,CY2013-Dec,2013,CY2013,2,FY2014-Dec,2014,FY2014,52
30-12-2013,30,30,December,Dec,12,CY2013-Dec,2013,CY2013,2,FY2014-Dec,2014,FY2014,1
31-12-2013,31,31,December,Dec,12,CY2013-Dec,2013,CY2013,2,FY2014-Dec,2014,FY2014,1
01-01-2014,1,1,January,Jan,1,CY2014-Jan,2014,CY2014,3,FY2014-Jan,2014,FY2014,1
02-01-2014,2,2,January,Jan,1,CY2014-Jan,2014,CY2014,3,FY2014-Jan,2014,FY2014,1
03-01-2014,3,3,January,Jan,1,CY2014-Jan,2014,CY2014,3,FY2014-Jan,2014,FY2014,1
04-01-2014,4,4,January,Jan,1,CY2014-Jan,2014,CY2014,3,FY2014-Jan,2014,FY2014,1
05-01-2014,5,5,January,Jan,1,CY2014-Jan,2014,CY2014,3,FY2014-Jan,2014,FY2014,1
06-01-2014,6,6,January,Jan,1,CY2014-Jan,2014,CY2014,3,FY2014-Jan,2014,FY2014,2
07-01-2014,7,7,January,Jan,1,CY2014-Jan,2014,CY2014,3,FY2014-Jan,2014,FY2014,2
08-01-2014,8,8,January,Jan,1,CY2014-Jan,2014,CY2014,3,FY2014-Jan,2014,FY2014,2
09-01-2014,9,9,January,Jan,1,CY2014-Jan,2014,CY2014,3,FY2014-Jan,2014,FY2014,2
10-01-2014,10,10,January,Jan,1,CY2014-Jan,2014,CY2014,3,FY2014-Jan,2014,FY2014,2
11-01-2014,11,11,January,Jan,1,CY2014-Jan,2014,CY2014,3,FY2014-Jan,2014,FY2014,2
12-01-2014,12,12,January,Jan,1,CY2014-Jan,2014,CY2014,3,FY2014-Jan,2014,FY2014,2
13-01-2014,13,13,January,Jan,1,CY2014-Jan,2014,CY2014,3,FY2014-Jan,2014,FY2014,3
14-01-2014,14,14,January,Jan,1,CY2014-Jan,2014,CY2014,3,FY2014-Jan,2014,FY2014,3
15-01-2014,15,15,January,Jan,1,CY2014-Jan,2014,CY2014,3,FY2014-Jan,2014,FY2014,3
16-01-2014,16,16,January,Jan,1,CY2014-Jan,2014,CY2014,3,FY2014-Jan,2014,FY2014,3
17-01-2014,17,17,January,Jan,1,CY2014-Jan,2014,CY2014,3,FY2014-Jan,2014,FY2014,3
18-01-2014,18,18,January,Jan,1,CY2014-Jan,2014,CY2014,3,FY2014-Jan,2014,FY2014,3
19-01-2014,19,19,January,Jan,1,CY2014-Jan,2014,CY2014,3,FY2014-Jan,2014,FY2014,3
20-01-2014,20,20,January,Jan,1,CY2014-Jan,2014,CY2014,3,FY2014-Jan,2014,FY2014,4
21-01-2014,21,21,January,Jan,1,CY2014-Jan,2014,CY2014,3,FY2014-Jan,2014,FY2014,4
22-01-2014,22,22,January,Jan,1,CY2014-Jan,2014,CY2014,3,FY2014-Jan,2014,FY2014,4
23-01-2014,23,23,January,Jan,1,CY2014-Jan,2014,CY2014,3,FY2014-Jan,2014,FY2014,4
24-01-2014,24,24,January,Jan,1,CY2014-Jan,2014,CY2014,3,FY2014-Jan,2014,FY2014,4
25-01-2014,25,25,January,Jan,1,CY2014-Jan,2014,CY2014,3,FY2014-Jan,2014,FY2014,4
26-01-2014,26,26,January,Jan,1,CY2014-Jan,2014,CY2014,3,FY2014-Jan,2014,FY2014,4
27-01-2014,27,27,January,Jan,1,CY2014-Jan,2014,CY2014,3,FY2014-Jan,2014,FY2014,5
28-01-2014,28,28,January,Jan,1,CY2014-Jan,2014,CY2014,3,FY2014-Jan,2014,FY2014,5
29-01-2014,29,29,January,Jan,1,CY2014-Jan,2014,CY2014,3,FY2014-Jan,2014,FY2014,5
30-01-2014,30,30,January,Jan,1,CY2014-Jan,2014,CY2014,3,FY2014-Jan,2014,FY2014,5
31-01-2014,31,31,January,Jan,1,CY2014-Jan,2014,CY2014,3,FY2014-Jan,2014,FY2014,5
01-02-2014,1,1,February,Feb,2,CY2014-Feb,2014,CY2014,4,FY2014-Feb,2014,FY2014,5
02-02-2014,2,2,February,Feb,2,CY2014-Feb,2014,CY2014,4,FY2014-Feb,2014,FY2014,5
03-02-2014,3,3,February,Feb,2,CY2014-Feb,2014,CY2014,4,FY2014-Feb,2014,FY2014,6
04-02-2014,4,4,February,Feb,2,CY2014-Feb,2014,CY2014,4,FY2014-Feb,2014,FY2014,6
05-02-2014,5,5,February,Feb,2,CY2014-Feb,2014,CY2014,4,FY2014-Feb,2014,FY2014,6
06-02-2014,6,6,February,Feb,2,CY2014-Feb,2014,CY2014,4,FY2014-Feb,2014,FY2014,6
07-02-2014,7,7,February,Feb,2,CY2014-Feb,2014,CY2014,4,FY2014-Feb,2014,FY2014,6
08-02-2014,8,8,February,Feb,2,CY2014-Feb,2014,CY2014,4,FY2014-Feb,2014,FY2014,6
09-02-2014,9,9,February,Feb,2,CY2014-Feb,2014,CY2014,4,FY2014-Feb,2014,FY2014,6
10-02-2014,10,10,February,Feb,2,CY2014-Feb,2014,CY2014,4,FY2014-Feb,2014,FY2014,7
11-02-2014,11,11,February,Feb,2,CY2014-Feb,2014,CY2014,4,FY2014-Feb,2014,FY2014,7
12-02-2014,12,12,February,Feb,2,CY2014-Feb,2014,CY2014,4,FY2014-Feb,2014,FY2014,7
13-02-2014,13,13,February,Feb,2,CY2014-Feb,2014,CY2014,4,FY2014-Feb,2014,FY2014,7
14-02-2014,14,14,February,Feb,2,CY2014-Feb,2014,CY2014,4,FY2014-Feb,2014,FY2014,7
15-02-2014,15,15,February,Feb,2,CY2014-Feb,2014,CY2014,4,FY2014-Feb,2014,FY2014,7
16-02-2014,16,16,February,Feb,2,CY2014-Feb,2014,CY2014,4,FY2014-Feb,2014,FY2014,7
17-02-2014,17,17,February,Feb,2,CY2014-Feb,2014,CY2014,4,FY2014-Feb,2014,FY2014,8
18-02-2014,18,18,February,Feb,2,CY2014-Feb,2014,CY2014,4,FY2014-Feb,2014,FY2014,8
19-02-2014,19,19,February,Feb,2,CY2014-Feb,2014,CY2014,4,FY2014-Feb,2014,FY2014,8
20-02-2014,20,20,February,Feb,2,CY2014-Feb,2014,CY2014,4,FY2014-Feb,2014,FY2014,8
21-02-2014,21,21,February,Feb,2,CY2014-Feb,2014,CY2014,4,FY2014-Feb,2014,FY2014,8
22-02-2014,22,22,February,Feb,2,CY2014-Feb,2014,CY2014,4,FY2014-Feb,2014,FY2014,8
23-02-2014,23,23,February,Feb,2,CY2014-Feb,2014,CY2014,4,FY2014-Feb,2014,FY2014,8
24-02-2014,24,24,February,Feb,2,CY2014-Feb,2014,CY2014,4,FY2014-Feb,2014,FY2014,9
25-02-2014,25,25,February,Feb,2,CY2014-Feb,2014,CY2014,4,FY2014-Feb,2014,FY2014,9
26-02-2014,26,26,February,Feb,2,CY2014-Feb,2014,CY2014,4,FY2014-Feb,2014,FY2014,9
27-02-2014,27,27,February,Feb,2,CY2014-Feb,2014,CY2014,4,FY2014-Feb,2014,FY2014,9
28-02-2014,28,28,February,Feb,2,CY2014-Feb,2014,CY2014,4,FY2014-Feb,2014,FY2014,9
01-03-2014,1,1,March,Mar,3,CY2014-Mar,2014,CY2014,5,FY2014-Mar,2014,FY2014,9
02-03-2014,2,2,March,Mar,3,CY2014-Mar,2014,CY2014,5,FY2014-Mar,2014,FY2014,9
03-03-2014,3,3,March,Mar,3,CY2014-Mar,2014,CY2014,5,FY2014-Mar,2014,FY2014,10
04-03-2014,4,4,March,Mar,3,CY2014-Mar,2014,CY2014,5,FY2014-Mar,2014,FY2014,10
05-03-2014,5,5,March,Mar,3,CY2014-Mar,2014,CY2014,5,FY2014-Mar,2014,FY2014,10
06-03-2014,6,6,March,Mar,3,CY2014-Mar,2014,CY2014,5,FY2014-Mar,2014,FY2014,10
07-03-2014,7,7,March,Mar,3,CY2014-Mar,2014,CY2014,5,FY2014-Mar,2014,FY2014,10
08-03-2014,8,8,March,Mar,3,CY2014-Mar,2014,CY2014,5,FY2014-Mar,2014,FY2014,10
09-03-2014,9,9,March,Mar,3,CY2014-Mar,2014,CY2014,5,FY2014-Mar,2014,FY2014,10
10-03-2014,10,10,March,Mar,3,CY2014-Mar,2014,CY2014,5,FY2014-Mar,2014,FY2014,11
11-03-2014,11,11,March,Mar,3,CY2014-Mar,2014,CY2014,5,FY2014-Mar,2014,FY2014,11
12-03-2014,12,12,March,Mar,3,CY2014-Mar,2014,CY2014,5,FY2014-Mar,2014,FY2014,11
13-03-2014,13,13,March,Mar,3,CY2014-Mar,2014,CY2014,5,FY2014-Mar,2014,FY2014,11
14-03-2014,14,14,March,Mar,3,CY2014-Mar,2014,CY2014,5,FY2014-Mar,2014,FY2014,11
15-03-2014,15,15,March,Mar,3,CY2014-Mar,2014,CY2014,5,FY2014-Mar,2014,FY2014,11
16-03-2014,16,16,March,Mar,3,CY2014-Mar,2014,CY2014,5,FY2014-Mar,2014,FY2014,11
17-03-2014,17,17,March,Mar,3,CY2014-Mar,2014,CY2014,5,FY2014-Mar,2014,FY2014,12
18-03-2014,18,18,March,Mar,3,CY2014-Mar,2014,CY2014,5,FY2014-Mar,2014,FY2014,12
19-03-2014,19,19,March,Mar,3,CY2014-Mar,2014,CY2014,5,FY2014-Mar,2014,FY2014,12
20-03-2014,20,20,March,Mar,3,CY2014-Mar,2014,CY2014,5,FY2014-Mar,2014,FY2014,12
21-03-2014,21,21,March,Mar,3,CY2014-Mar,2014,CY2014,5,FY2014-Mar,2014,FY2014,12
22-03-2014,22,22,March,Mar,3,CY2014-Mar,2014,CY2014,5,FY2014-Mar,2014,FY2014,12
23-03-2014,23,23,March,Mar,3,CY2014-Mar,2014,CY2014,5,FY2014-Mar,2014,FY2014,12
24-03-2014,24,24,March,Mar,3,CY2014-Mar,2014,CY2014,5,FY2014-Mar,2014,FY2014,13
25-03-2014,25,25,March,Mar,3,CY2014-Mar,2014,CY2014,5,FY2014-Mar,2014,FY2014,13
26-03-2014,26,26,March,Mar,3,CY2014-Mar,2014,CY2014,5,FY2014-Mar,2014,FY2014,13
27-03-2014,27,27,March,Mar,3,CY2014-Mar,2014,CY2014,5,FY2014-Mar,2014,FY2014,13
28-03-2014,28,28,March,Mar,3,CY2014-Mar,2014,CY2014,5,FY2014-Mar,2014,FY2014,13
29-03-2014,29,29,March,Mar,3,CY2014-Mar,2014,CY2014,5,FY2014-Mar,2014,FY2014,13
30-03-2014,30,30,March,Mar,3,CY2014-Mar,2014,CY2014,5,FY2014-Mar,2014,FY2014,13
31-03-2014,31,31,March,Mar,3,CY2014-Mar,2014,CY2014,5,FY2014-Mar,2014,FY2014,14
01-04-2014,1,1,April,Apr,4,CY2014-Apr,2014,CY2014,6,FY2014-Apr,2014,FY2014,14
02-04-2014,2,2,April,Apr,4,CY2014-Apr,2014,CY2014,6,FY2014-Apr,2014,FY2014,14
03-04-2014,3,3,April,Apr,4,CY2014-Apr,2014,CY2014,6,FY2014-Apr,2014,FY2014,14
04-04-2014,4,4,April,Apr,4,CY2014-Apr,2014,CY2014,6,FY2014-Apr,2014,FY2014,14
05-04-2014,5,5,April,Apr,4,CY2014-Apr,2014,CY2014,6,FY2014-Apr,2014,FY2014,14
06-04-2014,6,6,April,Apr,4,CY2014-Apr,2014,CY2014,6,FY2014-Apr,2014,FY2014,14
07-04-2014,7,7,April,Apr,4,CY2014-Apr,2014,CY2014,6,FY2014-Apr,2014,FY2014,15
08-04-2014,8,8,April,Apr,4,CY2014-Apr,2014,CY2014,6,FY2014-Apr,2014,FY2014,15
09-04-2014,9,9,April,Apr,4,CY2014-Apr,2014,CY2014,6,FY2014-Apr,2014,FY2014,15
10-04-2014,10,10,April,Apr,4,CY2014-Apr,2014,CY2014,6,FY2014-Apr,2014,FY2014,15
11-04-2014,11,11,April,Apr,4,CY2014-Apr,2014,CY2014,6,FY2014-Apr,2014,FY2014,15
12-04-2014,12,12,April,Apr,4,CY2014-Apr,2014,CY2014,6,FY2014-Apr,2014,FY2014,15
13-04-2014,13,13,April,Apr,4,CY2014-Apr,2014,CY2014,6,FY2014-Apr,2014,FY2014,15
14-04-2014,14,14,April,Apr,4,CY2014-Apr,2014,CY2014,6,FY2014-Apr,2014,FY2014,16
15-04-2014,15,15,April,Apr,4,CY2014-Apr,2014,CY2014,6,FY2014-Apr,2014,FY2014,16
16-04-2014,16,16,April,Apr,4,CY2014-Apr,2014,CY2014,6,FY2014-Apr,2014,FY2014,16
17-04-2014,17,17,April,Apr,4,CY2014-Apr,2014,CY2014,6,FY2014-Apr,2014,FY2014,16
18-04-2014,18,18,April,Apr,4,CY2014-Apr,2014,CY2014,6,FY2014-Apr,2014,FY2014,16
19-04-2014,19,19,April,Apr,4,CY2014-Apr,2014,CY2014,6,FY2014-Apr,2014,FY2014,16
20-04-2014,20,20,April,Apr,4,CY2014-Apr,2014,CY2014,6,FY2014-Apr,2014,FY2014,16
21-04-2014,21,21,April,Apr,4,CY2014-Apr,2014,CY2014,6,FY2014-Apr,2014,FY2014,17
22-04-2014,22,22,April,Apr,4,CY2014-Apr,2014,CY2014,6,FY2014-Apr,2014,FY2014,17
23-04-2014,23,23,April,Apr,4,CY2014-Apr,2014,CY2014,6,FY2014-Apr,2014,FY2014,17
24-04-2014,24,24,April,Apr,4,CY2014-Apr,2014,CY2014,6,FY2014-Apr,2014,FY2014,17
25-04-2014,25,25,April,Apr,4,CY2014-Apr,2014,CY2014,6,FY2014-Apr,2014,FY2014,17
26-04-2014,26,26,April,Apr,4,CY2014-Apr,2014,CY2014,6,FY2014-Apr,2014,FY2014,17
27-04-2014,27,27,April,Apr,4,CY2014-Apr,2014,CY2014,6,FY2014-Apr,2014,FY2014,17
28-04-2014,28,28,April,Apr,4,CY2014-Apr,2014,CY2014,6,FY2014-Apr,2014,FY2014,18
29-04-2014,29,29,April,Apr,4,CY2014-Apr,2014,CY2014,6,FY2014-Apr,2014,FY2014,18
30-04-2014,30,30,April,Apr,4,CY2014-Apr,2014,CY2014,6,FY2014-Apr,2014,FY2014,18
01-05-2014,1,1,May,May,5,CY2014-May,2014,CY2014,7,FY2014-May,2014,FY2014,18
02-05-2014,2,2,May,May,5,CY2014-May,2014,CY2014,7,FY2014-May,2014,FY2014,18
03-05-2014,3,3,May,May,5,CY2014-May,2014,CY2014,7,FY2014-May,2014,FY2014,18
04-05-2014,4,4,May,May,5,CY2014-May,2014,CY2014,7,FY2014-May,2014,FY2014,18
05-05-2014,5,5,May,May,5,CY2014-May,2014,CY2014,7,FY2014-May,2014,FY2014,19
06-05-2014,6,6,May,May,5,CY2014-May,2014,CY2014,7,FY2014-May,2014,FY2014,19
07-05-2014,7,7,May,May,5,CY2014-May,2014,CY2014,7,FY2014-May,2014,FY2014,19
08-05-2014,8,8,May,May,5,CY2014-May,2014,CY2014,7,FY2014-May,2014,FY2014,19
09-05-2014,9,9,May,May,5,CY2014-May,2014,CY2014,7,FY2014-May,2014,FY2014,19
10-05-2014,10,10,May,May,5,CY2014-May,2014,CY2014,7,FY2014-May,2014,FY2014,19
11-05-2014,11,11,May,May,5,CY2014-May,2014,CY2014,7,FY2014-May,2014,FY2014,19
12-05-2014,12,12,May,May,5,CY2014-May,2014,CY2014,7,FY2014-May,2014,FY2014,20
13-05-2014,13,13,May,May,5,CY2014-May,2014,CY2014,7,FY2014-May,2014,FY2014,20
14-05-2014,14,14,May,May,5,CY2014-May,2014,CY2014,7,FY2014-May,2014,FY2014,20
15-05-2014,15,15,May,May,5,CY2014-May,2014,CY2014,7,FY2014-May,2014,FY2014,20
16-05-2014,16,16,May,May,5,CY2014-May,2014,CY2014,7,FY2014-May,2014,FY2014,20
17-05-2014,17,17,May,May,5,CY2014-May,2014,CY2014,7,FY2014-May,2014,FY2014,20
18-05-2014,18,18,May,May,5,CY2014-May,2014,CY2014,7,FY2014-May,2014,FY2014,20
19-05-2014,19,19,May,May,5,CY2014-May,2014,CY2014,7,FY2014-May,2014,FY2014,21
20-05-2014,20,20,May,May,5,CY2014-May,2014,CY2014,7,FY2014-May,2014,FY2014,21
21-05-2014,21,21,May,May,5,CY2014-May,2014,CY2014,7,FY2014-May,2014,FY2014,21
22-05-2014,22,22,May,May,5,CY2014-May,2014,CY2014,7,FY2014-May,2014,FY2014,21
23-05-2014,23,23,May,May,5,CY2014-May,2014,CY2014,7,FY2014-May,2014,FY2014,21
24-05-2014,24,24,May,May,5,CY2014-May,2014,CY2014,7,FY2014-May,2014,FY2014,21
25-05-2014,25,25,May,May,5,CY2014-May,2014,CY2014,7,FY2014-May,2014,FY2014,21
26-05-2014,26,26,May,May,5,CY2014-May,2014,CY2014,7,FY2014-May,2014,FY2014,22
27-05-2014,27,27,May,May,5,CY2014-May,2014,CY2014,7,FY2014-May,2014,FY2014,22
28-05-2014,28,28,May,May,5,CY2014-May,2014,CY2014,7,FY2014-May,2014,FY2014,22
29-05-2014,29,29,May,May,5,CY2014-May,2014,CY2014,7,FY2014-May,2014,FY2014,22
30-05-2014,30,30,May,May,5,CY2014-May,2014,CY2014,7,FY2014-May,2014,FY2014,22
31-05-2014,31,31,May,May,5,CY2014-May,2014,CY2014,7,FY2014-May,2014,FY2014,22
01-06-2014,1,1,June,Jun,6,CY2014-Jun,2014,CY2014,8,FY2014-Jun,2014,FY2014,22
02-06-2014,2,2,June,Jun,6,CY2014-Jun,2014,CY2014,8,FY2014-Jun,2014,FY2014,23
03-06-2014,3,3,June,Jun,6,CY2014-Jun,2014,CY2014,8,FY2014-Jun,2014,FY2014,23
04-06-2014,4,4,June,Jun,6,CY2014-Jun,2014,CY2014,8,FY2014-Jun,2014,FY2014,23
05-06-2014,5,5,June,Jun,6,CY2014-Jun,2014,CY2014,8,FY2014-Jun,2014,FY2014,23
06-06-2014,6,6,June,Jun,6,CY2014-Jun,2014,CY2014,8,FY2014-Jun,2014,FY2014,23
07-06-2014,7,7,June,Jun,6,CY2014-Jun,2014,CY2014,8,FY2014-Jun,2014,FY2014,23
08-06-2014,8,8,June,Jun,6,CY2014-Jun,2014,CY2014,8,FY2014-Jun,2014,FY2014,23
09-06-2014,9,9,June,Jun,6,CY2014-Jun,2014,CY2014,8,FY2014-Jun,2014,FY2014,24
10-06-2014,10,10,June,Jun,6,CY2014-Jun,2014,CY2014,8,FY2014-Jun,2014,FY2014,24
11-06-2014,11,11,June,Jun,6,CY2014-Jun,2014,CY2014,8,FY2014-Jun,2014,FY2014,24
12-06-2014,12,12,June,Jun,6,CY2014-Jun,2014,CY2014,8,FY2014-Jun,2014,FY2014,24
13-06-2014,13,13,June,Jun,6,CY2014-Jun,2014,CY2014,8,FY2014-Jun,2014,FY2014,24
14-06-2014,14,14,June,Jun,6,CY2014-Jun,2014,CY2014,8,FY2014-Jun,2014,FY2014,24
15-06-2014,15,15,June,Jun,6,CY2014-Jun,2014,CY2014,8,FY2014-Jun,2014,FY2014,24
16-06-2014,16,16,June,Jun,6,CY2014-Jun,2014,CY2014,8,FY2014-Jun,2014,FY2014,25
17-06-2014,17,17,June,Jun,6,CY2014-Jun,2014,CY2014,8,FY2014-Jun,2014,FY2014,25
18-06-2014,18,18,June,Jun,6,CY2014-Jun,2014,CY2014,8,FY2014-Jun,2014,FY2014,25
19-06-2014,19,19,June,Jun,6,CY2014-Jun,2014,CY2014,8,FY2014-Jun,2014,FY2014,25
20-06-2014,20,20,June,Jun,6,CY2014-Jun,2014,CY2014,8,FY2014-Jun,2014,FY2014,25
21-06-2014,21,21,June,Jun,6,CY2014-Jun,2014,CY2014,8,FY2014-Jun,2014,FY2014,25
22-06-2014,22,22,June,Jun,6,CY2014-Jun,2014,CY2014,8,FY2014-Jun,2014,FY2014,25
23-06-2014,23,23,June,Jun,6,CY2014-Jun,2014,CY2014,8,FY2014-Jun,2014,FY2014,26
24-06-2014,24,24,June,Jun,6,CY2014-Jun,2014,CY2014,8,FY2014-Jun,2014,FY2014,26
25-06-2014,25,25,June,Jun,6,CY2014-Jun,2014,CY2014,8,FY2014-Jun,2014,FY2014,26
26-06-2014,26,26,June,Jun,6,CY2014-Jun,2014,CY2014,8,FY2014-Jun,2014,FY2014,26
27-06-2014,27,27,June,Jun,6,CY2014-Jun,2014,CY2014,8,FY2014-Jun,2014,FY2014,26
28-06-2014,28,28,June,Jun,6,CY2014-Jun,2014,CY2014,8,FY2014-Jun,2014,FY2014,26
29-06-2014,29,29,June,Jun,6,CY2014-Jun,2014,CY2014,8,FY2014-Jun,2014,FY2014,26
30-06-2014,30,30,June,Jun,6,CY2014-Jun,2014,CY2014,8,FY2014-Jun,2014,FY2014,27
01-07-2014,1,1,July,Jul,7,CY2014-Jul,2014,CY2014,9,FY2014-Jul,2014,FY2014,27
02-07-2014,2,2,July,Jul,7,CY2014-Jul,2014,CY2014,9,FY2014-Jul,2014,FY2014,27
03-07-2014,3,3,July,Jul,7,CY2014-Jul,2014,CY2014,9,FY2014-Jul,2014,FY2014,27
04-07-2014,4,4,July,Jul,7,CY2014-Jul,2014,CY2014,9,FY2014-Jul,2014,FY2014,27
05-07-2014,5,5,July,Jul,7,CY2014-Jul,2014,CY2014,9,FY2014-Jul,2014,FY2014,27
06-07-2014,6,6,July,Jul,7,CY2014-Jul,2014,CY2014,9,FY2014-Jul,2014,FY2014,27
07-07-2014,7,7,July,Jul,7,CY2014-Jul,2014,CY2014,9,FY2014-Jul,2014,FY2014,28
08-07-2014,8,8,July,Jul,7,CY2014-Jul,2014,CY2014,9,FY2014-Jul,2014,FY2014,28
09-07-2014,9,9,July,Jul,7,CY2014-Jul,2014,CY2014,9,FY2014-Jul,2014,FY2014,28
10-07-2014,10,10,July,Jul,7,CY2014-Jul,2014,CY2014,9,FY2014-Jul,2014,FY2014,28
11-07-2014,11,11,July,Jul,7,CY2014-Jul,2014,CY2014,9,FY2014-Jul,2014,FY2014,28
12-07-2014,12,12,July,Jul,7,CY2014-Jul,2014,CY2014,9,FY2014-Jul,2014,FY2014,28
13-07-2014,13,13,July,Jul,7,CY2014-Jul,2014,CY2014,9,FY2014-Jul,2014,FY2014,28
14-07-2014,14,14,July,Jul,7,CY2014-Jul,2014,CY2014,9,FY2014-Jul,2014,FY2014,29
15-07-2014,15,15,July,Jul,7,CY2014-Jul,2014,CY2014,9,FY2014-Jul,2014,FY2014,29
16-07-2014,16,16,July,Jul,7,CY2014-Jul,2014,CY2014,9,FY2014-Jul,2014,FY2014,29
17-07-2014,17,17,July,Jul,7,CY2014-Jul,2014,CY2014,9,FY2014-Jul,2014,FY2014,29
18-07-2014,18,18,July,Jul,7,CY2014-Jul,2014,CY2014,9,FY2014-Jul,2014,FY2014,29
19-07-2014,19,19,July,Jul,7,CY2014-Jul,2014,CY2014,9,FY2014-Jul,2014,FY2014,29
20-07-2014,20,20,July,Jul,7,CY2014-Jul,2014,CY2014,9,FY2014-Jul,2014,FY2014,29
21-07-2014,21,21,July,Jul,7,CY2014-Jul,2014,CY2014,9,FY2014-Jul,2014,FY2014,30
22-07-2014,22,22,July,Jul,7,CY2014-Jul,2014,CY2014,9,FY2014-Jul,2014,FY2014,30
23-07-2014,23,23,July,Jul,7,CY2014-Jul,2014,CY2014,9,FY2014-Jul,2014,FY2014,30
24-07-2014,24,24,July,Jul,7,CY2014-Jul,2014,CY2014,9,FY2014-Jul,2014,FY2014,30
25-07-2014,25,25,July,Jul,7,CY2014-Jul,2014,CY2014,9,FY2014-Jul,2014,FY2014,30
26-07-2014,26,26,July,Jul,7,CY2014-Jul,2014,CY2014,9,FY2014-Jul,2014,FY2014,30
27-07-2014,27,27,July,Jul,7,CY2014-Jul,2014,CY2014,9,FY2014-Jul,2014,FY2014,30
28-07-2014,28,28,July,Jul,7,CY2014-Jul,2014,CY2014,9,FY2014-Jul,2014,FY2014,31
29-07-2014,29,29,July,Jul,7,CY2014-Jul,2014,CY2014,9,FY2014-Jul,2014,FY2014,31
30-07-2014,30,30,July,Jul,7,CY2014-Jul,2014,CY2014,9,FY2014-Jul,2014,FY2014,31
31-07-2014,31,31,July,Jul,7,CY2014-Jul,2014,CY2014,9,FY2014-Jul,2014,FY2014,31
01-08-2014,1,1,August,Aug,8,CY2014-Aug,2014,CY2014,10,FY2014-Aug,2014,FY2014,31
02-08-2014,2,2,August,Aug,8,CY2014-Aug,2014,CY2014,10,FY2014-Aug,2014,FY2014,31
03-08-2014,3,3,August,Aug,8,CY2014-Aug,2014,CY2014,10,FY2014-Aug,2014,FY2014,31
04-08-2014,4,4,August,Aug,8,CY2014-Aug,2014,CY2014,10,FY2014-Aug,2014,FY2014,32
05-08-2014,5,5,August,Aug,8,CY2014-Aug,2014,CY2014,10,FY2014-Aug,2014,FY2014,32
06-08-2014,6,6,August,Aug,8,CY2014-Aug,2014,CY2014,10,FY2014-Aug,2014,FY2014,32
07-08-2014,7,7,August,Aug,8,CY2014-Aug,2014,CY2014,10,FY2014-Aug,2014,FY2014,32
08-08-2014,8,8,August,Aug,8,CY2014-Aug,2014,CY2014,10,FY2014-Aug,2014,FY2014,32
09-08-2014,9,9,August,Aug,8,CY2014-Aug,2014,CY2014,10,FY2014-Aug,2014,FY2014,32
10-08-2014,10,10,August,Aug,8,CY2014-Aug,2014,CY2014,10,FY2014-Aug,2014,FY2014,32
11-08-2014,11,11,August,Aug,8,CY2014-Aug,2014,CY2014,10,FY2014-Aug,2014,FY2014,33
12-08-2014,12,12,August,Aug,8,CY2014-Aug,2014,CY2014,10,FY2014-Aug,2014,FY2014,33
13-08-2014,13,13,August,Aug,8,CY2014-Aug,2014,CY2014,10,FY2014-Aug,2014,FY2014,33
14-08-2014,14,14,August,Aug,8,CY2014-Aug,2014,CY2014,10,FY2014-Aug,2014,FY2014,33
15-08-2014,15,15,August,Aug,8,CY2014-Aug,2014,CY2014,10,FY2014-Aug,2014,FY2014,33
16-08-2014,16,16,August,Aug,8,CY2014-Aug,2014,CY2014,10,FY2014-Aug,2014,FY2014,33
17-08-2014,17,17,August,Aug,8,CY2014-Aug,2014,CY2014,10,FY2014-Aug,2014,FY2014,33
18-08-2014,18,18,August,Aug,8,CY2014-Aug,2014,CY2014,10,FY2014-Aug,2014,FY2014,34
19-08-2014,19,19,August,Aug,8,CY2014-Aug,2014,CY2014,10,FY2014-Aug,2014,FY2014,34
20-08-2014,20,20,August,Aug,8,CY2014-Aug,2014,CY2014,10,FY2014-Aug,2014,FY2014,34
21-08-2014,21,21,August,Aug,8,CY2014-Aug,2014,CY2014,10,FY2014-Aug,2014,FY2014,34
22-08-2014,22,22,August,Aug,8,CY2014-Aug,2014,CY2014,10,FY2014-Aug,2014,FY2014,34
23-08-2014,23,23,August,Aug,8,CY2014-Aug,2014,CY2014,10,FY2014-Aug,2014,FY2014,34
24-08-2014,24,24,August,Aug,8,CY2014-Aug,2014,CY2014,10,FY2014-Aug,2014,FY2014,34
25-08-2014,25,25,August,Aug,8,CY2014-Aug,2014,CY2014,10,FY2014-Aug,2014,FY2014,35
26-08-2014,26,26,August,Aug,8,CY2014-Aug,2014,CY2014,10,FY2014-Aug,2014,FY2014,35
27-08-2014,27,27,August,Aug,8,CY2014-Aug,2014,CY2014,10,FY2014-Aug,2014,FY2014,35
28-08-2014,28,28,August,Aug,8,CY2014-Aug,2014,CY2014,10,FY2014-Aug,2014,FY2014,35
29-08-2014,29,29,August,Aug,8,CY2014-Aug,2014,CY2014,10,FY2014-Aug,2014,FY2014,35
30-08-2014,30,30,August,Aug,8,CY2014-Aug,2014,CY2014,10,FY2014-Aug,2014,FY2014,35
31-08-2014,31,31,August,Aug,8,CY2014-Aug,2014,CY2014,10,FY2014-Aug,2014,FY2014,35
01-09-2014,1,1,September,Sep,9,CY2014-Sep,2014,CY2014,11,FY2014-Sep,2014,FY2014,36
02-09-2014,2,2,September,Sep,9,CY2014-Sep,2014,CY2014,11,FY2014-Sep,2014,FY2014,36
03-09-2014,3,3,September,Sep,9,CY2014-Sep,2014,CY2014,11,FY2014-Sep,2014,FY2014,36
04-09-2014,4,4,September,Sep,9,CY2014-Sep,2014,CY2014,11,FY2014-Sep,2014,FY2014,36
05-09-2014,5,5,September,Sep,9,CY2014-Sep,2014,CY2014,11,FY2014-Sep,2014,FY2014,36
06-09-2014,6,6,September,Sep,9,CY2014-Sep,2014,CY2014,11,FY2014-Sep,2014,FY2014,36
07-09-2014,7,7,September,Sep,9,CY2014-Sep,2014,CY2014,11,FY2014-Sep,2014,FY2014,36
08-09-2014,8,8,September,Sep,9,CY2014-Sep,2014,CY2014,11,FY2014-Sep,2014,FY2014,37
09-09-2014,9,9,September,Sep,9,CY2014-Sep,2014,CY2014,11,FY2014-Sep,2014,FY2014,37
10-09-2014,10,10,September,Sep,9,CY2014-Sep,2014,CY2014,11,FY2014-Sep,2014,FY2014,37
11-09-2014,11,11,September,Sep,9,CY2014-Sep,2014,CY2014,11,FY2014-Sep,2014,FY2014,37
12-09-2014,12,12,September,Sep,9,CY2014-Sep,2014,CY2014,11,FY2014-Sep,2014,FY2014,37
13-09-2014,13,13,September,Sep,9,CY2014-Sep,2014,CY2014,11,FY2014-Sep,2014,FY2014,37
14-09-2014,14,14,September,Sep,9,CY2014-Sep,2014,CY2014,11,FY2014-Sep,2014,FY2014,37
15-09-2014,15,15,September,Sep,9,CY2014-Sep,2014,CY2014,11,FY2014-Sep,2014,FY2014,38
16-09-2014,16,16,September,Sep,9,CY2014-Sep,2014,CY2014,11,FY2014-Sep,2014,FY2014,38
17-09-2014,17,17,September,Sep,9,CY2014-Sep,2014,CY2014,11,FY2014-Sep,2014,FY2014,38
18-09-2014,18,18,September,Sep,9,CY2014-Sep,2014,CY2014,11,FY2014-Sep,2014,FY2014,38
19-09-2014,19,19,September,Sep,9,CY2014-Sep,2014,CY2014,11,FY2014-Sep,2014,FY2014,38
20-09-2014,20,20,September,Sep,9,CY2014-Sep,2014,CY2014,11,FY2014-Sep,2014,FY2014,38
21-09-2014,21,21,September,Sep,9,CY2014-Sep,2014,CY2014,11,FY2014-Sep,2014,FY2014,38
22-09-2014,22,22,September,Sep,9,CY2014-Sep,2014,CY2014,11,FY2014-Sep,2014,FY2014,39
23-09-2014,23,23,September,Sep,9,CY2014-Sep,2014,CY2014,11,FY2014-Sep,2014,FY2014,39
24-09-2014,24,24,September,Sep,9,CY2014-Sep,2014,CY2014,11,FY2014-Sep,2014,FY2014,39
25-09-2014,25,25,September,Sep,9,CY2014-Sep,2014,CY2014,11,FY2014-Sep,2014,FY2014,39
26-09-2014,26,26,September,Sep,9,CY2014-Sep,2014,CY2014,11,FY2014-Sep,2014,FY2014,39
27-09-2014,27,27,September,Sep,9,CY2014-Sep,2014,CY2014,11,FY2014-Sep,2014,FY2014,39
28-09-2014,28,28,September,Sep,9,CY2014-Sep,2014,CY2014,11,FY2014-Sep,2014,FY2014,39
29-09-2014,29,29,September,Sep,9,CY2014-Sep,2014,CY2014,11,FY2014-Sep,2014,FY2014,40
30-09-2014,30,30,September,Sep,9,CY2014-Sep,2014,CY2014,11,FY2014-Sep,2014,FY2014,40
01-10-2014,1,1,October,Oct,10,CY2014-Oct,2014,CY2014,12,FY2014-Oct,2014,FY2014,40
02-10-2014,2,2,October,Oct,10,CY2014-Oct,2014,CY2014,12,FY2014-Oct,2014,FY2014,40
03-10-2014,3,3,October,Oct,10,CY2014-Oct,2014,CY2014,12,FY2014-Oct,2014,FY2014,40
04-10-2014,4,4,October,Oct,10,CY2014-Oct,2014,CY2014,12,FY2014-Oct,2014,FY2014,40
05-10-2014,5,5,October,Oct,10,CY2014-Oct,2014,CY2014,12,FY2014-Oct,2014,FY2014,40
06-10-2014,6,6,October,Oct,10,CY2014-Oct,2014,CY2014,12,FY2014-Oct,2014,FY2014,41
07-10-2014,7,7,October,Oct,10,CY2014-Oct,2014,CY2014,12,FY2014-Oct,2014,FY2014,41
08-10-2014,8,8,October,Oct,10,CY2014-Oct,2014,CY2014,12,FY2014-Oct,2014,FY2014,41
09-10-2014,9,9,October,Oct,10,CY2014-Oct,2014,CY2014,12,FY2014-Oct,2014,FY2014,41
10-10-2014,10,10,October,Oct,10,CY2014-Oct,2014,CY2014,12,FY2014-Oct,2014,FY2014,41
11-10-2014,11,11,October,Oct,10,CY2014-Oct,2014,CY2014,12,FY2014-Oct,2014,FY2014,41
12-10-2014,12,12,October,Oct,10,CY2014-Oct,2014,CY2014,12,FY2014-Oct,2014,FY2014,41
13-10-2014,13,13,October,Oct,10,CY2014-Oct,2014,CY2014,12,FY2014-Oct,2014,FY2014,42
14-10-2014,14,14,October,Oct,10,CY2014-Oct,2014,CY2014,12,FY2014-Oct,2014,FY2014,42
15-10-2014,15,15,October,Oct,10,CY2014-Oct,2014,CY2014,12,FY2014-Oct,2014,FY2014,42
16-10-2014,16,16,October,Oct,10,CY2014-Oct,2014,CY2014,12,FY2014-Oct,2014,FY2014,42
17-10-2014,17,17,October,Oct,10,CY2014-Oct,2014,CY2014,12,FY2014-Oct,2014,FY2014,42
18-10-2014,18,18,October,Oct,10,CY2014-Oct,2014,CY2014,12,FY2014-Oct,2014,FY2014,42
19-10-2014,19,19,October,Oct,10,CY2014-Oct,2014,CY2014,12,FY2014-Oct,2014,FY2014,42
20-10-2014,20,20,October,Oct,10,CY2014-Oct,2014,CY2014,12,FY2014-Oct,2014,FY2014,43
21-10-2014,21,21,October,Oct,10,CY2014-Oct,2014,CY2014,12,FY2014-Oct,2014,FY2014,43
22-10-2014,22,22,October,Oct,10,CY2014-Oct,2014,CY2014,12,FY2014-Oct,2014,FY2014,43
23-10-2014,23,23,October,Oct,10,CY2014-Oct,2014,CY2014,12,FY2014-Oct,2014,FY2014,43
24-10-2014,24,24,October,Oct,10,CY2014-Oct,2014,CY2014,12,FY2014-Oct,2014,FY2014,43
25-10-2014,25,25,October,Oct,10,CY2014-Oct,2014,CY2014,12,FY2014-Oct,2014,FY2014,43
26-10-2014,26,26,October,Oct,10,CY2014-Oct,2014,CY2014,12,FY2014-Oct,2014,FY2014,43
27-10-2014,27,27,October,Oct,10,CY2014-Oct,2014,CY2014,12,FY2014-Oct,2014,FY2014,44
28-10-2014,28,28,October,Oct,10,CY2014-Oct,2014,CY2014,12,FY2014-Oct,2014,FY2014,44
29-10-2014,29,29,October,Oct,10,CY2014-Oct,2014,CY2014,12,FY2014-Oct,2014,FY2014,44
30-10-2014,30,30,October,Oct,10,CY2014-Oct,2014,CY2014,12,FY2014-Oct,2014,FY2014,44
31-10-2014,31,31,October,Oct,10,CY2014-Oct,2014,CY2014,12,FY2014-Oct,2014,FY2014,44
01-11-2014,1,1,November,Nov,11,CY2014-Nov,2014,CY2014,1,FY2015-Nov,2015,FY2015,44
02-11-2014,2,2,November,Nov,11,CY2014-Nov,2014,CY2014,1,FY2015-Nov,2015,FY2015,44
03-11-2014,3,3,November,Nov,11,CY2014-Nov,2014,CY2014,1,FY2015-Nov,2015,FY2015,45
04-11-2014,4,4,November,Nov,11,CY2014-Nov,2014,CY2014,1,FY2015-Nov,2015,FY2015,45
05-11-2014,5,5,November,Nov,11,CY2014-Nov,2014,CY2014,1,FY2015-Nov,2015,FY2015,45
06-11-2014,6,6,November,Nov,11,CY2014-Nov,2014,CY2014,1,FY2015-Nov,2015,FY2015,45
07-11-2014,7,7,November,Nov,11,CY2014-Nov,2014,CY2014,1,FY2015-Nov,2015,FY2015,45
08-11-2014,8,8,November,Nov,11,CY2014-Nov,2014,CY2014,1,FY2015-Nov,2015,FY2015,45
09-11-2014,9,9,November,Nov,11,CY2014-Nov,2014,CY2014,1,FY2015-Nov,2015,FY2015,45
10-11-2014,10,10,November,Nov,11,CY2014-Nov,2014,CY2014,1,FY2015-Nov,2015,FY2015,46
11-11-2014,11,11,November,Nov,11,CY2014-Nov,2014,CY2014,1,FY2015-Nov,2015,FY2015,46
12-11-2014,12,12,November,Nov,11,CY2014-Nov,2014,CY2014,1,FY2015-Nov,2015,FY2015,46
13-11-2014,13,13,November,Nov,11,CY2014-Nov,2014,CY2014,1,FY2015-Nov,2015,FY2015,46
14-11-2014,14,14,November,Nov,11,CY2014-Nov,2014,CY2014,1,FY2015-Nov,2015,FY2015,46
15-11-2014,15,15,November,Nov,11,CY2014-Nov,2014,CY2014,1,FY2015-Nov,2015,FY2015,46
16-11-2014,16,16,November,Nov,11,CY2014-Nov,2014,CY2014,1,FY2015-Nov,2015,FY2015,46
17-11-2014,17,17,November,Nov,11,CY2014-Nov,2014,CY2014,1,FY2015-Nov,2015,FY2015,47
18-11-2014,18,18,November,Nov,11,CY2014-Nov,2014,CY2014,1,FY2015-Nov,2015,FY2015,47
19-11-2014,19,19,November,Nov,11,CY2014-Nov,2014,CY2014,1,FY2015-Nov,2015,FY2015,47
20-11-2014,20,20,November,Nov,11,CY2014-Nov,2014,CY2014,1,FY2015-Nov,2015,FY2015,47
21-11-2014,21,21,November,Nov,11,CY2014-Nov,2014,CY2014,1,FY2015-Nov,2015,FY2015,47
22-11-2014,22,22,November,Nov,11,CY2014-Nov,2014,CY2014,1,FY2015-Nov,2015,FY2015,47
23-11-2014,23,23,November,Nov,11,CY2014-Nov,2014,CY2014,1,FY2015-Nov,2015,FY2015,47
24-11-2014,24,24,November,Nov,11,CY2014-Nov,2014,CY2014,1,FY2015-Nov,2015,FY2015,48
25-11-2014,25,25,November,Nov,11,CY2014-Nov,2014,CY2014,1,FY2015-Nov,2015,FY2015,48
26-11-2014,26,26,November,Nov,11,CY2014-Nov,2014,CY2014,1,FY2015-Nov,2015,FY2015,48
27-11-2014,27,27,November,Nov,11,CY2014-Nov,2014,CY2014,1,FY2015-Nov,2015,FY2015,48
28-11-2014,28,28,November,Nov,11,CY2014-Nov,2014,CY2014,1,FY2015-Nov,2015,FY2015,48
29-11-2014,29,29,November,Nov,11,CY2014-Nov,2014,CY2014,1,FY2015-Nov,2015,FY2015,48
30-11-2014,30,30,November,Nov,11,CY2014-Nov,2014,CY2014,1,FY2015-Nov,2015,FY2015,48
01-12-2014,1,1,December,Dec,12,CY2014-Dec,2014,CY2014,2,FY2015-Dec,2015,FY2015,49
02-12-2014,2,2,December,Dec,12,CY2014-Dec,2014,CY2014,2,FY2015-Dec,2015,FY2015,49
03-12-2014,3,3,December,Dec,12,CY2014-Dec,2014,CY2014,2,FY2015-Dec,2015,FY2015,49
04-12-2014,4,4,December,Dec,12,CY2014-Dec,2014,CY2014,2,FY2015-Dec,2015,FY2015,49
05-12-2014,5,5,December,Dec,12,CY2014-Dec,2014,CY2014,2,FY2015-Dec,2015,FY2015,49
06-12-2014,6,6,December,Dec,12,CY2014-Dec,2014,CY2014,2,FY2015-Dec,2015,FY2015,49
07-12-2014,7,7,December,Dec,12,CY2014-Dec,2014,CY2014,2,FY2015-Dec,2015,FY2015,49
08-12-2014,8,8,December,Dec,12,CY2014-Dec,2014,CY2014,2,FY2015-Dec,2015,FY2015,50
09-12-2014,9,9,December,Dec,12,CY2014-Dec,2014,CY2014,2,FY2015-Dec,2015,FY2015,50
10-12-2014,10,10,December,Dec,12,CY2014-Dec,2014,CY2014,2,FY2015-Dec,2015,FY2015,50
11-12-2014,11,11,December,Dec,12,CY2014-Dec,2014,CY2014,2,FY2015-Dec,2015,FY2015,50
12-12-2014,12,12,December,Dec,12,CY2014-Dec,2014,CY2014,2,FY2015-Dec,2015,FY2015,50
13-12-2014,13,13,December,Dec,12,CY2014-Dec,2014,CY2014,2,FY2015-Dec,2015,FY2015,50
14-12-2014,14,14,December,Dec,12,CY2014-Dec,2014,CY2014,2,FY2015-Dec,2015,FY2015,50
15-12-2014,15,15,December,Dec,12,CY2014-Dec,2014,CY2014,2,FY2015-Dec,2015,FY2015,51
16-12-2014,16,16,December,Dec,12,CY2014-Dec,2014,CY2014,2,FY2015-Dec,2015,FY2015,51
17-12-2014,17,17,December,Dec,12,CY2014-Dec,2014,CY2014,2,FY2015-Dec,2015,FY2015,51
18-12-2014,18,18,December,Dec,12,CY2014-Dec,2014,CY2014,2,FY2015-Dec,2015,FY2015,51
19-12-2014,19,19,December,Dec,12,CY2014-Dec,2014,CY2014,2,FY2015-Dec,2015,FY2015,51
20-12-2014,20,20,December,Dec,12,CY2014-Dec,2014,CY2014,2,FY2015-Dec,2015,FY2015,51
21-12-2014,21,21,December,Dec,12,CY2014-Dec,2014,CY2014,2,FY2015-Dec,2015,FY2015,51
22-12-2014,22,22,December,Dec,12,CY2014-Dec,2014,CY2014,2,FY2015-Dec,2015,FY2015,52
23-12-2014,23,23,December,Dec,12,CY2014-Dec,2014,CY2014,2,FY2015-Dec,2015,FY2015,52
24-12-2014,24,24,December,Dec,12,CY2014-Dec,2014,CY2014,2,FY2015-Dec,2015,FY2015,52
25-12-2014,25,25,December,Dec,12,CY2014-Dec,2014,CY2014,2,FY2015-Dec,2015,FY2015,52
26-12-2014,26,26,December,Dec,12,CY2014-Dec,2014,CY2014,2,FY2015-Dec,2015,FY2015,52
27-12-2014,27,27,December,Dec,12,CY2014-Dec,2014,CY2014,2,FY2015-Dec,2015,FY2015,52
28-12-2014,28,28,December,Dec,12,CY2014-Dec,2014,CY2014,2,FY2015-Dec,2015,FY2015,52
29-12-2014,29,29,December,Dec,12,CY2014-Dec,2014,CY2014,2,FY2015-Dec,2015,FY2015,1
30-12-2014,30,30,December,Dec,12,CY2014-Dec,2014,CY2014,2,FY2015-Dec,2015,FY2015,1
31-12-2014,31,31,December,Dec,12,CY2014-Dec,2014,CY2014,2,FY2015-Dec,2015,FY2015,1
01-01-2015,1,1,January,Jan,1,CY2015-Jan,2015,CY2015,3,FY2015-Jan,2015,FY2015,1
02-01-2015,2,2,January,Jan,1,CY2015-Jan,2015,CY2015,3,FY2015-Jan,2015,FY2015,1
03-01-2015,3,3,January,Jan,1,CY2015-Jan,2015,CY2015,3,FY2015-Jan,2015,FY2015,1
04-01-2015,4,4,January,Jan,1,CY2015-Jan,2015,CY2015,3,FY2015-Jan,2015,FY2015,1
05-01-2015,5,5,January,Jan,1,CY2015-Jan,2015,CY2015,3,FY2015-Jan,2015,FY2015,2
06-01-2015,6,6,January,Jan,1,CY2015-Jan,2015,CY2015,3,FY2015-Jan,2015,FY2015,2
07-01-2015,7,7,January,Jan,1,CY2015-Jan,2015,CY2015,3,FY2015-Jan,2015,FY2015,2
08-01-2015,8,8,January,Jan,1,CY2015-Jan,2015,CY2015,3,FY2015-Jan,2015,FY2015,2
09-01-2015,9,9,January,Jan,1,CY2015-Jan,2015,CY2015,3,FY2015-Jan,2015,FY2015,2
10-01-2015,10,10,January,Jan,1,CY2015-Jan,2015,CY2015,3,FY2015-Jan,2015,FY2015,2
11-01-2015,11,11,January,Jan,1,CY2015-Jan,2015,CY2015,3,FY2015-Jan,2015,FY2015,2
12-01-2015,12,12,January,Jan,1,CY2015-Jan,2015,CY2015,3,FY2015-Jan,2015,FY2015,3
13-01-2015,13,13,January,Jan,1,CY2015-Jan,2015,CY2015,3,FY2015-Jan,2015,FY2015,3
14-01-2015,14,14,January,Jan,1,CY2015-Jan,2015,CY2015,3,FY2015-Jan,2015,FY2015,3
15-01-2015,15,15,January,Jan,1,CY2015-Jan,2015,CY2015,3,FY2015-Jan,2015,FY2015,3
16-01-2015,16,16,January,Jan,1,CY2015-Jan,2015,CY2015,3,FY2015-Jan,2015,FY2015,3
17-01-2015,17,17,January,Jan,1,CY2015-Jan,2015,CY2015,3,FY2015-Jan,2015,FY2015,3
18-01-2015,18,18,January,Jan,1,CY2015-Jan,2015,CY2015,3,FY2015-Jan,2015,FY2015,3
19-01-2015,19,19,January,Jan,1,CY2015-Jan,2015,CY2015,3,FY2015-Jan,2015,FY2015,4
20-01-2015,20,20,January,Jan,1,CY2015-Jan,2015,CY2015,3,FY2015-Jan,2015,FY2015,4
21-01-2015,21,21,January,Jan,1,CY2015-Jan,2015,CY2015,3,FY2015-Jan,2015,FY2015,4
22-01-2015,22,22,January,Jan,1,CY2015-Jan,2015,CY2015,3,FY2015-Jan,2015,FY2015,4
23-01-2015,23,23,January,Jan,1,CY2015-Jan,2015,CY2015,3,FY2015-Jan,2015,FY2015,4
24-01-2015,24,24,January,Jan,1,CY2015-Jan,2015,CY2015,3,FY2015-Jan,2015,FY2015,4
25-01-2015,25,25,January,Jan,1,CY2015-Jan,2015,CY2015,3,FY2015-Jan,2015,FY2015,4
26-01-2015,26,26,January,Jan,1,CY2015-Jan,2015,CY2015,3,FY2015-Jan,2015,FY2015,5
27-01-2015,27,27,January,Jan,1,CY2015-Jan,2015,CY2015,3,FY2015-Jan,2015,FY2015,5
28-01-2015,28,28,January,Jan,1,CY2015-Jan,2015,CY2015,3,FY2015-Jan,2015,FY2015,5
29-01-2015,29,29,January,Jan,1,CY2015-Jan,2015,CY2015,3,FY2015-Jan,2015,FY2015,5
30-01-2015,30,30,January,Jan,1,CY2015-Jan,2015,CY2015,3,FY2015-Jan,2015,FY2015,5
31-01-2015,31,31,January,Jan,1,CY2015-Jan,2015,CY2015,3,FY2015-Jan,2015,FY2015,5
01-02-2015,1,1,February,Feb,2,CY2015-Feb,2015,CY2015,4,FY2015-Feb,2015,FY2015,5
02-02-2015,2,2,February,Feb,2,CY2015-Feb,2015,CY2015,4,FY2015-Feb,2015,FY2015,6
03-02-2015,3,3,February,Feb,2,CY2015-Feb,2015,CY2015,4,FY2015-Feb,2015,FY2015,6
04-02-2015,4,4,February,Feb,2,CY2015-Feb,2015,CY2015,4,FY2015-Feb,2015,FY2015,6
05-02-2015,5,5,February,Feb,2,CY2015-Feb,2015,CY2015,4,FY2015-Feb,2015,FY2015,6
06-02-2015,6,6,February,Feb,2,CY2015-Feb,2015,CY2015,4,FY2015-Feb,2015,FY2015,6
07-02-2015,7,7,February,Feb,2,CY2015-Feb,2015,CY2015,4,FY2015-Feb,2015,FY2015,6
08-02-2015,8,8,February,Feb,2,CY2015-Feb,2015,CY2015,4,FY2015-Feb,2015,FY2015,6
09-02-2015,9,9,February,Feb,2,CY2015-Feb,2015,CY2015,4,FY2015-Feb,2015,FY2015,7
10-02-2015,10,10,February,Feb,2,CY2015-Feb,2015,CY2015,4,FY2015-Feb,2015,FY2015,7
11-02-2015,11,11,February,Feb,2,CY2015-Feb,2015,CY2015,4,FY2015-Feb,2015,FY2015,7
12-02-2015,12,12,February,Feb,2,CY2015-Feb,2015,CY2015,4,FY2015-Feb,2015,FY2015,7
13-02-2015,13,13,February,Feb,2,CY2015-Feb,2015,CY2015,4,FY2015-Feb,2015,FY2015,7
14-02-2015,14,14,February,Feb,2,CY2015-Feb,2015,CY2015,4,FY2015-Feb,2015,FY2015,7
15-02-2015,15,15,February,Feb,2,CY2015-Feb,2015,CY2015,4,FY2015-Feb,2015,FY2015,7
16-02-2015,16,16,February,Feb,2,CY2015-Feb,2015,CY2015,4,FY2015-Feb,2015,FY2015,8
17-02-2015,17,17,February,Feb,2,CY2015-Feb,2015,CY2015,4,FY2015-Feb,2015,FY2015,8
18-02-2015,18,18,February,Feb,2,CY2015-Feb,2015,CY2015,4,FY2015-Feb,2015,FY2015,8
19-02-2015,19,19,February,Feb,2,CY2015-Feb,2015,CY2015,4,FY2015-Feb,2015,FY2015,8
20-02-2015,20,20,February,Feb,2,CY2015-Feb,2015,CY2015,4,FY2015-Feb,2015,FY2015,8
21-02-2015,21,21,February,Feb,2,CY2015-Feb,2015,CY2015,4,FY2015-Feb,2015,FY2015,8
22-02-2015,22,22,February,Feb,2,CY2015-Feb,2015,CY2015,4,FY2015-Feb,2015,FY2015,8
23-02-2015,23,23,February,Feb,2,CY2015-Feb,2015,CY2015,4,FY2015-Feb,2015,FY2015,9
24-02-2015,24,24,February,Feb,2,CY2015-Feb,2015,CY2015,4,FY2015-Feb,2015,FY2015,9
25-02-2015,25,25,February,Feb,2,CY2015-Feb,2015,CY2015,4,FY2015-Feb,2015,FY2015,9
26-02-2015,26,26,February,Feb,2,CY2015-Feb,2015,CY2015,4,FY2015-Feb,2015,FY2015,9
27-02-2015,27,27,February,Feb,2,CY2015-Feb,2015,CY2015,4,FY2015-Feb,2015,FY2015,9
28-02-2015,28,28,February,Feb,2,CY2015-Feb,2015,CY2015,4,FY2015-Feb,2015,FY2015,9
01-03-2015,1,1,March,Mar,3,CY2015-Mar,2015,CY2015,5,FY2015-Mar,2015,FY2015,9
02-03-2015,2,2,March,Mar,3,CY2015-Mar,2015,CY2015,5,FY2015-Mar,2015,FY2015,10
03-03-2015,3,3,March,Mar,3,CY2015-Mar,2015,CY2015,5,FY2015-Mar,2015,FY2015,10
04-03-2015,4,4,March,Mar,3,CY2015-Mar,2015,CY2015,5,FY2015-Mar,2015,FY2015,10
05-03-2015,5,5,March,Mar,3,CY2015-Mar,2015,CY2015,5,FY2015-Mar,2015,FY2015,10
06-03-2015,6,6,March,Mar,3,CY2015-Mar,2015,CY2015,5,FY2015-Mar,2015,FY2015,10
07-03-2015,7,7,March,Mar,3,CY2015-Mar,2015,CY2015,5,FY2015-Mar,2015,FY2015,10
08-03-2015,8,8,March,Mar,3,CY2015-Mar,2015,CY2015,5,FY2015-Mar,2015,FY2015,10
09-03-2015,9,9,March,Mar,3,CY2015-Mar,2015,CY2015,5,FY2015-Mar,2015,FY2015,11
10-03-2015,10,10,March,Mar,3,CY2015-Mar,2015,CY2015,5,FY2015-Mar,2015,FY2015,11
11-03-2015,11,11,March,Mar,3,CY2015-Mar,2015,CY2015,5,FY2015-Mar,2015,FY2015,11
12-03-2015,12,12,March,Mar,3,CY2015-Mar,2015,CY2015,5,FY2015-Mar,2015,FY2015,11
13-03-2015,13,13,March,Mar,3,CY2015-Mar,2015,CY2015,5,FY2015-Mar,2015,FY2015,11
14-03-2015,14,14,March,Mar,3,CY2015-Mar,2015,CY2015,5,FY2015-Mar,2015,FY2015,11
15-03-2015,15,15,March,Mar,3,CY2015-Mar,2015,CY2015,5,FY2015-Mar,2015,FY2015,11
16-03-2015,16,16,March,Mar,3,CY2015-Mar,2015,CY2015,5,FY2015-Mar,2015,FY2015,12
17-03-2015,17,17,March,Mar,3,CY2015-Mar,2015,CY2015,5,FY2015-Mar,2015,FY2015,12
18-03-2015,18,18,March,Mar,3,CY2015-Mar,2015,CY2015,5,FY2015-Mar,2015,FY2015,12
19-03-2015,19,19,March,Mar,3,CY2015-Mar,2015,CY2015,5,FY2015-Mar,2015,FY2015,12
20-03-2015,20,20,March,Mar,3,CY2015-Mar,2015,CY2015,5,FY2015-Mar,2015,FY2015,12
21-03-2015,21,21,March,Mar,3,CY2015-Mar,2015,CY2015,5,FY2015-Mar,2015,FY2015,12
22-03-2015,22,22,March,Mar,3,CY2015-Mar,2015,CY2015,5,FY2015-Mar,2015,FY2015,12
23-03-2015,23,23,March,Mar,3,CY2015-Mar,2015,CY2015,5,FY2015-Mar,2015,FY2015,13
24-03-2015,24,24,March,Mar,3,CY2015-Mar,2015,CY2015,5,FY2015-Mar,2015,FY2015,13
25-03-2015,25,25,March,Mar,3,CY2015-Mar,2015,CY2015,5,FY2015-Mar,2015,FY2015,13
26-03-2015,26,26,March,Mar,3,CY2015-Mar,2015,CY2015,5,FY2015-Mar,2015,FY2015,13
27-03-2015,27,27,March,Mar,3,CY2015-Mar,2015,CY2015,5,FY2015-Mar,2015,FY2015,13
28-03-2015,28,28,March,Mar,3,CY2015-Mar,2015,CY2015,5,FY2015-Mar,2015,FY2015,13
29-03-2015,29,29,March,Mar,3,CY2015-Mar,2015,CY2015,5,FY2015-Mar,2015,FY2015,13
30-03-2015,30,30,March,Mar,3,CY2015-Mar,2015,CY2015,5,FY2015-Mar,2015,FY2015,14
31-03-2015,31,31,March,Mar,3,CY2015-Mar,2015,CY2015,5,FY2015-Mar,2015,FY2015,14
01-04-2015,1,1,April,Apr,4,CY2015-Apr,2015,CY2015,6,FY2015-Apr,2015,FY2015,14
02-04-2015,2,2,April,Apr,4,CY2015-Apr,2015,CY2015,6,FY2015-Apr,2015,FY2015,14
03-04-2015,3,3,April,Apr,4,CY2015-Apr,2015,CY2015,6,FY2015-Apr,2015,FY2015,14
04-04-2015,4,4,April,Apr,4,CY2015-Apr,2015,CY2015,6,FY2015-Apr,2015,FY2015,14
05-04-2015,5,5,April,Apr,4,CY2015-Apr,2015,CY2015,6,FY2015-Apr,2015,FY2015,14
06-04-2015,6,6,April,Apr,4,CY2015-Apr,2015,CY2015,6,FY2015-Apr,2015,FY2015,15
07-04-2015,7,7,April,Apr,4,CY2015-Apr,2015,CY2015,6,FY2015-Apr,2015,FY2015,15
08-04-2015,8,8,April,Apr,4,CY2015-Apr,2015,CY2015,6,FY2015-Apr,2015,FY2015,15
09-04-2015,9,9,April,Apr,4,CY2015-Apr,2015,CY2015,6,FY2015-Apr,2015,FY2015,15
10-04-2015,10,10,April,Apr,4,CY2015-Apr,2015,CY2015,6,FY2015-Apr,2015,FY2015,15
11-04-2015,11,11,April,Apr,4,CY2015-Apr,2015,CY2015,6,FY2015-Apr,2015,FY2015,15
12-04-2015,12,12,April,Apr,4,CY2015-Apr,2015,CY2015,6,FY2015-Apr,2015,FY2015,15
13-04-2015,13,13,April,Apr,4,CY2015-Apr,2015,CY2015,6,FY2015-Apr,2015,FY2015,16
14-04-2015,14,14,April,Apr,4,CY2015-Apr,2015,CY2015,6,FY2015-Apr,2015,FY2015,16
15-04-2015,15,15,April,Apr,4,CY2015-Apr,2015,CY2015,6,FY2015-Apr,2015,FY2015,16
16-04-2015,16,16,April,Apr,4,CY2015-Apr,2015,CY2015,6,FY2015-Apr,2015,FY2015,16
17-04-2015,17,17,April,Apr,4,CY2015-Apr,2015,CY2015,6,FY2015-Apr,2015,FY2015,16
18-04-2015,18,18,April,Apr,4,CY2015-Apr,2015,CY2015,6,FY2015-Apr,2015,FY2015,16
19-04-2015,19,19,April,Apr,4,CY2015-Apr,2015,CY2015,6,FY2015-Apr,2015,FY2015,16
20-04-2015,20,20,April,Apr,4,CY2015-Apr,2015,CY2015,6,FY2015-Apr,2015,FY2015,17
21-04-2015,21,21,April,Apr,4,CY2015-Apr,2015,CY2015,6,FY2015-Apr,2015,FY2015,17
22-04-2015,22,22,April,Apr,4,CY2015-Apr,2015,CY2015,6,FY2015-Apr,2015,FY2015,17
23-04-2015,23,23,April,Apr,4,CY2015-Apr,2015,CY2015,6,FY2015-Apr,2015,FY2015,17
24-04-2015,24,24,April,Apr,4,CY2015-Apr,2015,CY2015,6,FY2015-Apr,2015,FY2015,17
25-04-2015,25,25,April,Apr,4,CY2015-Apr,2015,CY2015,6,FY2015-Apr,2015,FY2015,17
26-04-2015,26,26,April,Apr,4,CY2015-Apr,2015,CY2015,6,FY2015-Apr,2015,FY2015,17
27-04-2015,27,27,April,Apr,4,CY2015-Apr,2015,CY2015,6,FY2015-Apr,2015,FY2015,18
28-04-2015,28,28,April,Apr,4,CY2015-Apr,2015,CY2015,6,FY2015-Apr,2015,FY2015,18
29-04-2015,29,29,April,Apr,4,CY2015-Apr,2015,CY2015,6,FY2015-Apr,2015,FY2015,18
30-04-2015,30,30,April,Apr,4,CY2015-Apr,2015,CY2015,6,FY2015-Apr,2015,FY2015,18
01-05-2015,1,1,May,May,5,CY2015-May,2015,CY2015,7,FY2015-May,2015,FY2015,18
02-05-2015,2,2,May,May,5,CY2015-May,2015,CY2015,7,FY2015-May,2015,FY2015,18
03-05-2015,3,3,May,May,5,CY2015-May,2015,CY2015,7,FY2015-May,2015,FY2015,18
04-05-2015,4,4,May,May,5,CY2015-May,2015,CY2015,7,FY2015-May,2015,FY2015,19
05-05-2015,5,5,May,May,5,CY2015-May,2015,CY2015,7,FY2015-May,2015,FY2015,19
06-05-2015,6,6,May,May,5,CY2015-May,2015,CY2015,7,FY2015-May,2015,FY2015,19
07-05-2015,7,7,May,May,5,CY2015-May,2015,CY2015,7,FY2015-May,2015,FY2015,19
08-05-2015,8,8,May,May,5,CY2015-May,2015,CY2015,7,FY2015-May,2015,FY2015,19
09-05-2015,9,9,May,May,5,CY2015-May,2015,CY2015,7,FY2015-May,2015,FY2015,19
10-05-2015,10,10,May,May,5,CY2015-May,2015,CY2015,7,FY2015-May,2015,FY2015,19
11-05-2015,11,11,May,May,5,CY2015-May,2015,CY2015,7,FY2015-May,2015,FY2015,20
12-05-2015,12,12,May,May,5,CY2015-May,2015,CY2015,7,FY2015-May,2015,FY2015,20
13-05-2015,13,13,May,May,5,CY2015-May,2015,CY2015,7,FY2015-May,2015,FY2015,20
14-05-2015,14,14,May,May,5,CY2015-May,2015,CY2015,7,FY2015-May,2015,FY2015,20
15-05-2015,15,15,May,May,5,CY2015-May,2015,CY2015,7,FY2015-May,2015,FY2015,20
16-05-2015,16,16,May,May,5,CY2015-May,2015,CY2015,7,FY2015-May,2015,FY2015,20
17-05-2015,17,17,May,May,5,CY2015-May,2015,CY2015,7,FY2015-May,2015,FY2015,20
18-05-2015,18,18,May,May,5,CY2015-May,2015,CY2015,7,FY2015-May,2015,FY2015,21
19-05-2015,19,19,May,May,5,CY2015-May,2015,CY2015,7,FY2015-May,2015,FY2015,21
20-05-2015,20,20,May,May,5,CY2015-May,2015,CY2015,7,FY2015-May,2015,FY2015,21
21-05-2015,21,21,May,May,5,CY2015-May,2015,CY2015,7,FY2015-May,2015,FY2015,21
22-05-2015,22,22,May,May,5,CY2015-May,2015,CY2015,7,FY2015-May,2015,FY2015,21
23-05-2015,23,23,May,May,5,CY2015-May,2015,CY2015,7,FY2015-May,2015,FY2015,21
24-05-2015,24,24,May,May,5,CY2015-May,2015,CY2015,7,FY2015-May,2015,FY2015,21
25-05-2015,25,25,May,May,5,CY2015-May,2015,CY2015,7,FY2015-May,2015,FY2015,22
26-05-2015,26,26,May,May,5,CY2015-May,2015,CY2015,7,FY2015-May,2015,FY2015,22
27-05-2015,27,27,May,May,5,CY2015-May,2015,CY2015,7,FY2015-May,2015,FY2015,22
28-05-2015,28,28,May,May,5,CY2015-May,2015,CY2015,7,FY2015-May,2015,FY2015,22
29-05-2015,29,29,May,May,5,CY2015-May,2015,CY2015,7,FY2015-May,2015,FY2015,22
30-05-2015,30,30,May,May,5,CY2015-May,2015,CY2015,7,FY2015-May,2015,FY2015,22
31-05-2015,31,31,May,May,5,CY2015-May,2015,CY2015,7,FY2015-May,2015,FY2015,22
01-06-2015,1,1,June,Jun,6,CY2015-Jun,2015,CY2015,8,FY2015-Jun,2015,FY2015,23
02-06-2015,2,2,June,Jun,6,CY2015-Jun,2015,CY2015,8,FY2015-Jun,2015,FY2015,23
03-06-2015,3,3,June,Jun,6,CY2015-Jun,2015,CY2015,8,FY2015-Jun,2015,FY2015,23
04-06-2015,4,4,June,Jun,6,CY2015-Jun,2015,CY2015,8,FY2015-Jun,2015,FY2015,23
05-06-2015,5,5,June,Jun,6,CY2015-Jun,2015,CY2015,8,FY2015-Jun,2015,FY2015,23
06-06-2015,6,6,June,Jun,6,CY2015-Jun,2015,CY2015,8,FY2015-Jun,2015,FY2015,23
07-06-2015,7,7,June,Jun,6,CY2015-Jun,2015,CY2015,8,FY2015-Jun,2015,FY2015,23
08-06-2015,8,8,June,Jun,6,CY2015-Jun,2015,CY2015,8,FY2015-Jun,2015,FY2015,24
09-06-2015,9,9,June,Jun,6,CY2015-Jun,2015,CY2015,8,FY2015-Jun,2015,FY2015,24
10-06-2015,10,10,June,Jun,6,CY2015-Jun,2015,CY2015,8,FY2015-Jun,2015,FY2015,24
11-06-2015,11,11,June,Jun,6,CY2015-Jun,2015,CY2015,8,FY2015-Jun,2015,FY2015,24
12-06-2015,12,12,June,Jun,6,CY2015-Jun,2015,CY2015,8,FY2015-Jun,2015,FY2015,24
13-06-2015,13,13,June,Jun,6,CY2015-Jun,2015,CY2015,8,FY2015-Jun,2015,FY2015,24
14-06-2015,14,14,June,Jun,6,CY2015-Jun,2015,CY2015,8,FY2015-Jun,2015,FY2015,24
15-06-2015,15,15,June,Jun,6,CY2015-Jun,2015,CY2015,8,FY2015-Jun,2015,FY2015,25
16-06-2015,16,16,June,Jun,6,CY2015-Jun,2015,CY2015,8,FY2015-Jun,2015,FY2015,25
17-06-2015,17,17,June,Jun,6,CY2015-Jun,2015,CY2015,8,FY2015-Jun,2015,FY2015,25
18-06-2015,18,18,June,Jun,6,CY2015-Jun,2015,CY2015,8,FY2015-Jun,2015,FY2015,25
19-06-2015,19,19,June,Jun,6,CY2015-Jun,2015,CY2015,8,FY2015-Jun,2015,FY2015,25
20-06-2015,20,20,June,Jun,6,CY2015-Jun,2015,CY2015,8,FY2015-Jun,2015,FY2015,25
21-06-2015,21,21,June,Jun,6,CY2015-Jun,2015,CY2015,8,FY2015-Jun,2015,FY2015,25
22-06-2015,22,22,June,Jun,6,CY2015-Jun,2015,CY2015,8,FY2015-Jun,2015,FY2015,26
23-06-2015,23,23,June,Jun,6,CY2015-Jun,2015,CY2015,8,FY2015-Jun,2015,FY2015,26
24-06-2015,24,24,June,Jun,6,CY2015-Jun,2015,CY2015,8,FY2015-Jun,2015,FY2015,26
25-06-2015,25,25,June,Jun,6,CY2015-Jun,2015,CY2015,8,FY2015-Jun,2015,FY2015,26
26-06-2015,26,26,June,Jun,6,CY2015-Jun,2015,CY2015,8,FY2015-Jun,2015,FY2015,26
27-06-2015,27,27,June,Jun,6,CY2015-Jun,2015,CY2015,8,FY2015-Jun,2015,FY2015,26
28-06-2015,28,28,June,Jun,6,CY2015-Jun,2015,CY2015,8,FY2015-Jun,2015,FY2015,26
29-06-2015,29,29,June,Jun,6,CY2015-Jun,2015,CY2015,8,FY2015-Jun,2015,FY2015,27
30-06-2015,30,30,June,Jun,6,CY2015-Jun,2015,CY2015,8,FY2015-Jun,2015,FY2015,27
01-07-2015,1,1,July,Jul,7,CY2015-Jul,2015,CY2015,9,FY2015-Jul,2015,FY2015,27
02-07-2015,2,2,July,Jul,7,CY2015-Jul,2015,CY2015,9,FY2015-Jul,2015,FY2015,27
03-07-2015,3,3,July,Jul,7,CY2015-Jul,2015,CY2015,9,FY2015-Jul,2015,FY2015,27
04-07-2015,4,4,July,Jul,7,CY2015-Jul,2015,CY2015,9,FY2015-Jul,2015,FY2015,27
05-07-2015,5,5,July,Jul,7,CY2015-Jul,2015,CY2015,9,FY2015-Jul,2015,FY2015,27
06-07-2015,6,6,July,Jul,7,CY2015-Jul,2015,CY2015,9,FY2015-Jul,2015,FY2015,28
07-07-2015,7,7,July,Jul,7,CY2015-Jul,2015,CY2015,9,FY2015-Jul,2015,FY2015,28
08-07-2015,8,8,July,Jul,7,CY2015-Jul,2015,CY2015,9,FY2015-Jul,2015,FY2015,28
09-07-2015,9,9,July,Jul,7,CY2015-Jul,2015,CY2015,9,FY2015-Jul,2015,FY2015,28
10-07-2015,10,10,July,Jul,7,CY2015-Jul,2015,CY2015,9,FY2015-Jul,2015,FY2015,28
11-07-2015,11,11,July,Jul,7,CY2015-Jul,2015,CY2015,9,FY2015-Jul,2015,FY2015,28
12-07-2015,12,12,July,Jul,7,CY2015-Jul,2015,CY2015,9,FY2015-Jul,2015,FY2015,28
13-07-2015,13,13,July,Jul,7,CY2015-Jul,2015,CY2015,9,FY2015-Jul,2015,FY2015,29
14-07-2015,14,14,July,Jul,7,CY2015-Jul,2015,CY2015,9,FY2015-Jul,2015,FY2015,29
15-07-2015,15,15,July,Jul,7,CY2015-Jul,2015,CY2015,9,FY2015-Jul,2015,FY2015,29
16-07-2015,16,16,July,Jul,7,CY2015-Jul,2015,CY2015,9,FY2015-Jul,2015,FY2015,29
17-07-2015,17,17,July,Jul,7,CY2015-Jul,2015,CY2015,9,FY2015-Jul,2015,FY2015,29
18-07-2015,18,18,July,Jul,7,CY2015-Jul,2015,CY2015,9,FY2015-Jul,2015,FY2015,29
19-07-2015,19,19,July,Jul,7,CY2015-Jul,2015,CY2015,9,FY2015-Jul,2015,FY2015,29
20-07-2015,20,20,July,Jul,7,CY2015-Jul,2015,CY2015,9,FY2015-Jul,2015,FY2015,30
21-07-2015,21,21,July,Jul,7,CY2015-Jul,2015,CY2015,9,FY2015-Jul,2015,FY2015,30
22-07-2015,22,22,July,Jul,7,CY2015-Jul,2015,CY2015,9,FY2015-Jul,2015,FY2015,30
23-07-2015,23,23,July,Jul,7,CY2015-Jul,2015,CY2015,9,FY2015-Jul,2015,FY2015,30
24-07-2015,24,24,July,Jul,7,CY2015-Jul,2015,CY2015,9,FY2015-Jul,2015,FY2015,30
25-07-2015,25,25,July,Jul,7,CY2015-Jul,2015,CY2015,9,FY2015-Jul,2015,FY2015,30
26-07-2015,26,26,July,Jul,7,CY2015-Jul,2015,CY2015,9,FY2015-Jul,2015,FY2015,30
27-07-2015,27,27,July,Jul,7,CY2015-Jul,2015,CY2015,9,FY2015-Jul,2015,FY2015,31
28-07-2015,28,28,July,Jul,7,CY2015-Jul,2015,CY2015,9,FY2015-Jul,2015,FY2015,31
29-07-2015,29,29,July,Jul,7,CY2015-Jul,2015,CY2015,9,FY2015-Jul,2015,FY2015,31
30-07-2015,30,30,July,Jul,7,CY2015-Jul,2015,CY2015,9,FY2015-Jul,2015,FY2015,31
31-07-2015,31,31,July,Jul,7,CY2015-Jul,2015,CY2015,9,FY2015-Jul,2015,FY2015,31
01-08-2015,1,1,August,Aug,8,CY2015-Aug,2015,CY2015,10,FY2015-Aug,2015,FY2015,31
02-08-2015,2,2,August,Aug,8,CY2015-Aug,2015,CY2015,10,FY2015-Aug,2015,FY2015,31
03-08-2015,3,3,August,Aug,8,CY2015-Aug,2015,CY2015,10,FY2015-Aug,2015,FY2015,32
04-08-2015,4,4,August,Aug,8,CY2015-Aug,2015,CY2015,10,FY2015-Aug,2015,FY2015,32
05-08-2015,5,5,August,Aug,8,CY2015-Aug,2015,CY2015,10,FY2015-Aug,2015,FY2015,32
06-08-2015,6,6,August,Aug,8,CY2015-Aug,2015,CY2015,10,FY2015-Aug,2015,FY2015,32
07-08-2015,7,7,August,Aug,8,CY2015-Aug,2015,CY2015,10,FY2015-Aug,2015,FY2015,32
08-08-2015,8,8,August,Aug,8,CY2015-Aug,2015,CY2015,10,FY2015-Aug,2015,FY2015,32
09-08-2015,9,9,August,Aug,8,CY2015-Aug,2015,CY2015,10,FY2015-Aug,2015,FY2015,32
10-08-2015,10,10,August,Aug,8,CY2015-Aug,2015,CY2015,10,FY2015-Aug,2015,FY2015,33
11-08-2015,11,11,August,Aug,8,CY2015-Aug,2015,CY2015,10,FY2015-Aug,2015,FY2015,33
12-08-2015,12,12,August,Aug,8,CY2015-Aug,2015,CY2015,10,FY2015-Aug,2015,FY2015,33
13-08-2015,13,13,August,Aug,8,CY2015-Aug,2015,CY2015,10,FY2015-Aug,2015,FY2015,33
14-08-2015,14,14,August,Aug,8,CY2015-Aug,2015,CY2015,10,FY2015-Aug,2015,FY2015,33
15-08-2015,15,15,August,Aug,8,CY2015-Aug,2015,CY2015,10,FY2015-Aug,2015,FY2015,33
16-08-2015,16,16,August,Aug,8,CY2015-Aug,2015,CY2015,10,FY2015-Aug,2015,FY2015,33
17-08-2015,17,17,August,Aug,8,CY2015-Aug,2015,CY2015,10,FY2015-Aug,2015,FY2015,34
18-08-2015,18,18,August,Aug,8,CY2015-Aug,2015,CY2015,10,FY2015-Aug,2015,FY2015,34
19-08-2015,19,19,August,Aug,8,CY2015-Aug,2015,CY2015,10,FY2015-Aug,2015,FY2015,34
20-08-2015,20,20,August,Aug,8,CY2015-Aug,2015,CY2015,10,FY2015-Aug,2015,FY2015,34
21-08-2015,21,21,August,Aug,8,CY2015-Aug,2015,CY2015,10,FY2015-Aug,2015,FY2015,34
22-08-2015,22,22,August,Aug,8,CY2015-Aug,2015,CY2015,10,FY2015-Aug,2015,FY2015,34
23-08-2015,23,23,August,Aug,8,CY2015-Aug,2015,CY2015,10,FY2015-Aug,2015,FY2015,34
24-08-2015,24,24,August,Aug,8,CY2015-Aug,2015,CY2015,10,FY2015-Aug,2015,FY2015,35
25-08-2015,25,25,August,Aug,8,CY2015-Aug,2015,CY2015,10,FY2015-Aug,2015,FY2015,35
26-08-2015,26,26,August,Aug,8,CY2015-Aug,2015,CY2015,10,FY2015-Aug,2015,FY2015,35
27-08-2015,27,27,August,Aug,8,CY2015-Aug,2015,CY2015,10,FY2015-Aug,2015,FY2015,35
28-08-2015,28,28,August,Aug,8,CY2015-Aug,2015,CY2015,10,FY2015-Aug,2015,FY2015,35
29-08-2015,29,29,August,Aug,8,CY2015-Aug,2015,CY2015,10,FY2015-Aug,2015,FY2015,35
30-08-2015,30,30,August,Aug,8,CY2015-Aug,2015,CY2015,10,FY2015-Aug,2015,FY2015,35
31-08-2015,31,31,August,Aug,8,CY2015-Aug,2015,CY2015,10,FY2015-Aug,2015,FY2015,36
01-09-2015,1,1,September,Sep,9,CY2015-Sep,2015,CY2015,11,FY2015-Sep,2015,FY2015,36
02-09-2015,2,2,September,Sep,9,CY2015-Sep,2015,CY2015,11,FY2015-Sep,2015,FY2015,36
03-09-2015,3,3,September,Sep,9,CY2015-Sep,2015,CY2015,11,FY2015-Sep,2015,FY2015,36
04-09-2015,4,4,September,Sep,9,CY2015-Sep,2015,CY2015,11,FY2015-Sep,2015,FY2015,36
05-09-2015,5,5,September,Sep,9,CY2015-Sep,2015,CY2015,11,FY2015-Sep,2015,FY2015,36
06-09-2015,6,6,September,Sep,9,CY2015-Sep,2015,CY2015,11,FY2015-Sep,2015,FY2015,36
07-09-2015,7,7,September,Sep,9,CY2015-Sep,2015,CY2015,11,FY2015-Sep,2015,FY2015,37
08-09-2015,8,8,September,Sep,9,CY2015-Sep,2015,CY2015,11,FY2015-Sep,2015,FY2015,37
09-09-2015,9,9,September,Sep,9,CY2015-Sep,2015,CY2015,11,FY2015-Sep,2015,FY2015,37
10-09-2015,10,10,September,Sep,9,CY2015-Sep,2015,CY2015,11,FY2015-Sep,2015,FY2015,37
11-09-2015,11,11,September,Sep,9,CY2015-Sep,2015,CY2015,11,FY2015-Sep,2015,FY2015,37
12-09-2015,12,12,September,Sep,9,CY2015-Sep,2015,CY2015,11,FY2015-Sep,2015,FY2015,37
13-09-2015,13,13,September,Sep,9,CY2015-Sep,2015,CY2015,11,FY2015-Sep,2015,FY2015,37
14-09-2015,14,14,September,Sep,9,CY2015-Sep,2015,CY2015,11,FY2015-Sep,2015,FY2015,38
15-09-2015,15,15,September,Sep,9,CY2015-Sep,2015,CY2015,11,FY2015-Sep,2015,FY2015,38
16-09-2015,16,16,September,Sep,9,CY2015-Sep,2015,CY2015,11,FY2015-Sep,2015,FY2015,38
17-09-2015,17,17,September,Sep,9,CY2015-Sep,2015,CY2015,11,FY2015-Sep,2015,FY2015,38
18-09-2015,18,18,September,Sep,9,CY2015-Sep,2015,CY2015,11,FY2015-Sep,2015,FY2015,38
19-09-2015,19,19,September,Sep,9,CY2015-Sep,2015,CY2015,11,FY2015-Sep,2015,FY2015,38
20-09-2015,20,20,September,Sep,9,CY2015-Sep,2015,CY2015,11,FY2015-Sep,2015,FY2015,38
21-09-2015,21,21,September,Sep,9,CY2015-Sep,2015,CY2015,11,FY2015-Sep,2015,FY2015,39
22-09-2015,22,22,September,Sep,9,CY2015-Sep,2015,CY2015,11,FY2015-Sep,2015,FY2015,39
23-09-2015,23,23,September,Sep,9,CY2015-Sep,2015,CY2015,11,FY2015-Sep,2015,FY2015,39
24-09-2015,24,24,September,Sep,9,CY2015-Sep,2015,CY2015,11,FY2015-Sep,2015,FY2015,39
25-09-2015,25,25,September,Sep,9,CY2015-Sep,2015,CY2015,11,FY2015-Sep,2015,FY2015,39
26-09-2015,26,26,September,Sep,9,CY2015-Sep,2015,CY2015,11,FY2015-Sep,2015,FY2015,39
27-09-2015,27,27,September,Sep,9,CY2015-Sep,2015,CY2015,11,FY2015-Sep,2015,FY2015,39
